file,line,type,commit,author,date,time,timezone,datetime,depth,length
style.css,1,css,1b0e51d9,AdaMo22805,2025-01-15,23:31:35,-08:00,2025-01-15T23:31:35-08:00,0,4
style.css,2,css,5e9f98cd,AdaMo22805,2025-01-16,15:48:52,-08:00,2025-01-16T15:48:52-08:00,0,23
style.css,3,css,1b0e51d9,AdaMo22805,2025-01-15,23:31:35,-08:00,2025-01-15T23:31:35-08:00,0,33
style.css,4,css,1b0e51d9,AdaMo22805,2025-01-15,23:31:35,-08:00,2025-01-15T23:31:35-08:00,0,0
style.css,5,css,1b0e51d9,AdaMo22805,2025-01-15,23:31:35,-08:00,2025-01-15T23:31:35-08:00,0,5
style.css,6,css,1b0e51d9,AdaMo22805,2025-01-15,23:31:35,-08:00,2025-01-15T23:31:35-08:00,0,44
style.css,7,css,1b0e51d9,AdaMo22805,2025-01-15,23:31:35,-08:00,2025-01-15T23:31:35-08:00,0,43
style.css,8,css,1b0e51d9,AdaMo22805,2025-01-15,23:31:35,-08:00,2025-01-15T23:31:35-08:00,0,1
style.css,9,css,1b0e51d9,AdaMo22805,2025-01-15,23:31:35,-08:00,2025-01-15T23:31:35-08:00,0,24
style.css,10,css,e66ee1ee,AdaMo22805,2025-01-17,19:42:29,-08:00,2025-01-17T19:42:29-08:00,0,16
style.css,11,css,1b0e51d9,AdaMo22805,2025-01-15,23:31:35,-08:00,2025-01-15T23:31:35-08:00,0,12
style.css,12,css,1b0e51d9,AdaMo22805,2025-01-15,23:31:35,-08:00,2025-01-15T23:31:35-08:00,0,13
style.css,13,css,1b0e51d9,AdaMo22805,2025-01-15,23:31:35,-08:00,2025-01-15T23:31:35-08:00,0,0
style.css,14,css,d1e89e68,AdaMo22805,2025-01-23,22:25:21,-08:00,2025-01-23T22:25:21-08:00,0,18
style.css,15,css,d1e89e68,AdaMo22805,2025-01-23,22:25:21,-08:00,2025-01-23T22:25:21-08:00,0,18
style.css,16,css,d1e89e68,AdaMo22805,2025-01-23,22:25:21,-08:00,2025-01-23T22:25:21-08:00,0,9
style.css,17,css,d1e89e68,AdaMo22805,2025-01-23,22:25:21,-08:00,2025-01-23T22:25:21-08:00,0,11
style.css,18,css,d1e89e68,AdaMo22805,2025-01-23,22:25:21,-08:00,2025-01-23T22:25:21-08:00,0,14
style.css,19,css,d1e89e68,AdaMo22805,2025-01-23,22:25:21,-08:00,2025-01-23T22:25:21-08:00,0,6
style.css,20,css,d1e89e68,AdaMo22805,2025-01-23,22:25:21,-08:00,2025-01-23T22:25:21-08:00,0,13
style.css,21,css,d1e89e68,AdaMo22805,2025-01-23,22:25:21,-08:00,2025-01-23T22:25:21-08:00,0,0
style.css,22,css,d1e89e68,AdaMo22805,2025-01-23,22:25:21,-08:00,2025-01-23T22:25:21-08:00,0,0
style.css,23,css,d1e89e68,AdaMo22805,2025-01-23,22:25:21,-08:00,2025-01-23T22:25:21-08:00,0,0
style.css,24,css,1b0e51d9,AdaMo22805,2025-01-15,23:31:35,-08:00,2025-01-15T23:31:35-08:00,0,3
style.css,25,css,1b0e51d9,AdaMo22805,2025-01-15,23:31:35,-08:00,2025-01-15T23:31:35-08:00,0,13
style.css,26,css,1b0e51d9,AdaMo22805,2025-01-15,23:31:35,-08:00,2025-01-15T23:31:35-08:00,0,19
style.css,27,css,1b0e51d9,AdaMo22805,2025-01-15,23:31:35,-08:00,2025-01-15T23:31:35-08:00,0,24
style.css,28,css,1b0e51d9,AdaMo22805,2025-01-15,23:31:35,-08:00,2025-01-15T23:31:35-08:00,0,26
style.css,29,css,d1e89e68,AdaMo22805,2025-01-23,22:25:21,-08:00,2025-01-23T22:25:21-08:00,0,40
style.css,30,css,d1e89e68,AdaMo22805,2025-01-23,22:25:21,-08:00,2025-01-23T22:25:21-08:00,0,40
style.css,31,css,1b0e51d9,AdaMo22805,2025-01-15,23:31:35,-08:00,2025-01-15T23:31:35-08:00,0,1
style.css,32,css,1b0e51d9,AdaMo22805,2025-01-15,23:31:35,-08:00,2025-01-15T23:31:35-08:00,0,7
style.css,33,css,1b0e51d9,AdaMo22805,2025-01-15,23:31:35,-08:00,2025-01-15T23:31:35-08:00,0,21
style.css,34,css,1b0e51d9,AdaMo22805,2025-01-15,23:31:35,-08:00,2025-01-15T23:31:35-08:00,0,14
style.css,35,css,1b0e51d9,AdaMo22805,2025-01-15,23:31:35,-08:00,2025-01-15T23:31:35-08:00,0,18
style.css,36,css,1b0e51d9,AdaMo22805,2025-01-15,23:31:35,-08:00,2025-01-15T23:31:35-08:00,0,14
style.css,37,css,1b0e51d9,AdaMo22805,2025-01-15,23:31:35,-08:00,2025-01-15T23:31:35-08:00,0,0
style.css,38,css,1b0e51d9,AdaMo22805,2025-01-15,23:31:35,-08:00,2025-01-15T23:31:35-08:00,0,9
style.css,39,css,1b0e51d9,AdaMo22805,2025-01-15,23:31:35,-08:00,2025-01-15T23:31:35-08:00,0,26
style.css,40,css,1b0e51d9,AdaMo22805,2025-01-15,23:31:35,-08:00,2025-01-15T23:31:35-08:00,0,26
style.css,41,css,d1e89e68,AdaMo22805,2025-01-23,22:25:21,-08:00,2025-01-23T22:25:21-08:00,0,40
style.css,42,css,1b0e51d9,AdaMo22805,2025-01-15,23:31:35,-08:00,2025-01-15T23:31:35-08:00,0,19
style.css,43,css,1b0e51d9,AdaMo22805,2025-01-15,23:31:35,-08:00,2025-01-15T23:31:35-08:00,0,0
style.css,44,css,1b0e51d9,AdaMo22805,2025-01-15,23:31:35,-08:00,2025-01-15T23:31:35-08:00,0,7
style.css,45,css,d1e89e68,AdaMo22805,2025-01-23,22:25:21,-08:00,2025-01-23T22:25:21-08:00,0,24
style.css,46,css,1b0e51d9,AdaMo22805,2025-01-15,23:31:35,-08:00,2025-01-15T23:31:35-08:00,0,26
style.css,47,css,d1e89e68,AdaMo22805,2025-01-23,22:25:21,-08:00,2025-01-23T22:25:21-08:00,0,64
style.css,48,css,d1e89e68,AdaMo22805,2025-01-23,22:25:21,-08:00,2025-01-23T22:25:21-08:00,0,63
style.css,49,css,1b0e51d9,AdaMo22805,2025-01-15,23:31:35,-08:00,2025-01-15T23:31:35-08:00,0,0
style.css,50,css,1b0e51d9,AdaMo22805,2025-01-15,23:31:35,-08:00,2025-01-15T23:31:35-08:00,0,0
style.css,51,css,35792f10,AdaMo22805,2025-01-16,00:17:22,-08:00,2025-01-16T00:17:22-08:00,0,0
style.css,52,css,35792f10,AdaMo22805,2025-01-16,00:17:22,-08:00,2025-01-16T00:17:22-08:00,0,4
style.css,53,css,35792f10,AdaMo22805,2025-01-16,00:17:22,-08:00,2025-01-16T00:17:22-08:00,0,13
style.css,54,css,35792f10,AdaMo22805,2025-01-16,00:17:22,-08:00,2025-01-16T00:17:22-08:00,0,31
style.css,55,css,8ea92094,AdaMo22805,2025-01-16,15:49:42,-08:00,2025-01-16T15:49:42-08:00,0,8
style.css,56,css,35792f10,AdaMo22805,2025-01-16,00:17:22,-08:00,2025-01-16T00:17:22-08:00,0,0
style.css,57,css,35792f10,AdaMo22805,2025-01-16,00:17:22,-08:00,2025-01-16T00:17:22-08:00,0,5
style.css,58,css,8ea92094,AdaMo22805,2025-01-16,15:49:42,-08:00,2025-01-16T15:49:42-08:00,0,13
style.css,59,css,8ea92094,AdaMo22805,2025-01-16,15:49:42,-08:00,2025-01-16T15:49:42-08:00,0,30
style.css,60,css,8ea92094,AdaMo22805,2025-01-16,15:49:42,-08:00,2025-01-16T15:49:42-08:00,0,19
style.css,61,css,35792f10,AdaMo22805,2025-01-16,00:17:22,-08:00,2025-01-16T00:17:22-08:00,0,5
style.css,62,css,35792f10,AdaMo22805,2025-01-16,00:17:22,-08:00,2025-01-16T00:17:22-08:00,0,12
style.css,63,css,35792f10,AdaMo22805,2025-01-16,00:17:22,-08:00,2025-01-16T00:17:22-08:00,0,0
style.css,64,css,35792f10,AdaMo22805,2025-01-16,00:17:22,-08:00,2025-01-16T00:17:22-08:00,0,8
style.css,65,css,35792f10,AdaMo22805,2025-01-16,00:17:22,-08:00,2025-01-16T00:17:22-08:00,0,12
style.css,66,css,35792f10,AdaMo22805,2025-01-16,00:17:22,-08:00,2025-01-16T00:17:22-08:00,0,0
style.css,67,css,35792f10,AdaMo22805,2025-01-16,00:17:22,-08:00,2025-01-16T00:17:22-08:00,0,0
style.css,68,css,35792f10,AdaMo22805,2025-01-16,00:17:22,-08:00,2025-01-16T00:17:22-08:00,0,6
style.css,69,css,35792f10,AdaMo22805,2025-01-16,00:17:22,-08:00,2025-01-16T00:17:22-08:00,0,12
style.css,70,css,8ea92094,AdaMo22805,2025-01-16,15:49:42,-08:00,2025-01-16T15:49:42-08:00,0,19
style.css,71,css,35792f10,AdaMo22805,2025-01-16,00:17:22,-08:00,2025-01-16T00:17:22-08:00,0,0
style.css,72,css,35792f10,AdaMo22805,2025-01-16,00:17:22,-08:00,2025-01-16T00:17:22-08:00,0,0
style.css,73,css,7189f169,AdaMo22805,2025-01-16,17:33:51,-08:00,2025-01-16T17:33:51-08:00,0,0
style.css,74,css,7189f169,AdaMo22805,2025-01-16,17:33:51,-08:00,2025-01-16T17:33:51-08:00,0,2
style.css,75,css,7189f169,AdaMo22805,2025-01-16,17:33:51,-08:00,2025-01-16T17:33:51-08:00,0,15
style.css,76,css,7189f169,AdaMo22805,2025-01-16,17:33:51,-08:00,2025-01-16T17:33:51-08:00,0,0
style.css,77,css,e66ee1ee,AdaMo22805,2025-01-17,19:42:29,-08:00,2025-01-17T19:42:29-08:00,0,0
style.css,78,css,7189f169,AdaMo22805,2025-01-16,17:33:51,-08:00,2025-01-16T17:33:51-08:00,0,17
style.css,79,css,7189f169,AdaMo22805,2025-01-16,17:33:51,-08:00,2025-01-16T17:33:51-08:00,0,16
style.css,80,css,7189f169,AdaMo22805,2025-01-16,17:33:51,-08:00,2025-01-16T17:33:51-08:00,0,18
style.css,81,css,7189f169,AdaMo22805,2025-01-16,17:33:51,-08:00,2025-01-16T17:33:51-08:00,0,0
style.css,82,css,669e6037,AdaMo22805,2025-02-05,23:21:25,-08:00,2025-02-05T23:21:25-08:00,0,0
style.css,83,css,669e6037,AdaMo22805,2025-02-05,23:21:25,-08:00,2025-02-05T23:21:25-08:00,0,0
style.css,84,css,669e6037,AdaMo22805,2025-02-05,23:21:25,-08:00,2025-02-05T23:21:25-08:00,0,9
style.css,85,css,669e6037,AdaMo22805,2025-02-05,23:21:25,-08:00,2025-02-05T23:21:25-08:00,0,13
style.css,86,css,669e6037,AdaMo22805,2025-02-05,23:21:25,-08:00,2025-02-05T23:21:25-08:00,0,59
style.css,87,css,669e6037,AdaMo22805,2025-02-05,23:21:25,-08:00,2025-02-05T23:21:25-08:00,0,15
style.css,88,css,669e6037,AdaMo22805,2025-02-05,23:21:25,-08:00,2025-02-05T23:21:25-08:00,0,14
style.css,89,css,669e6037,AdaMo22805,2025-02-05,23:21:25,-08:00,2025-02-05T23:21:25-08:00,0,8
style.css,90,css,669e6037,AdaMo22805,2025-02-05,23:21:25,-08:00,2025-02-05T23:21:25-08:00,0,7
style.css,91,css,669e6037,AdaMo22805,2025-02-05,23:21:25,-08:00,2025-02-05T23:21:25-08:00,0,13
style.css,92,css,669e6037,AdaMo22805,2025-02-05,23:21:25,-08:00,2025-02-05T23:21:25-08:00,0,27
style.css,93,css,669e6037,AdaMo22805,2025-02-05,23:21:25,-08:00,2025-02-05T23:21:25-08:00,0,16
style.css,94,css,669e6037,AdaMo22805,2025-02-05,23:21:25,-08:00,2025-02-05T23:21:25-08:00,0,2
style.css,95,css,669e6037,AdaMo22805,2025-02-05,23:21:25,-08:00,2025-02-05T23:21:25-08:00,0,9
style.css,96,css,669e6037,AdaMo22805,2025-02-05,23:21:25,-08:00,2025-02-05T23:21:25-08:00,0,0
style.css,97,css,669e6037,AdaMo22805,2025-02-05,23:21:25,-08:00,2025-02-05T23:21:25-08:00,0,6
style.css,98,css,669e6037,AdaMo22805,2025-02-05,23:21:25,-08:00,2025-02-05T23:21:25-08:00,0,9
style.css,99,css,669e6037,AdaMo22805,2025-02-05,23:21:25,-08:00,2025-02-05T23:21:25-08:00,0,11
style.css,100,css,669e6037,AdaMo22805,2025-02-05,23:21:25,-08:00,2025-02-05T23:21:25-08:00,0,24
style.css,101,css,669e6037,AdaMo22805,2025-02-05,23:21:25,-08:00,2025-02-05T23:21:25-08:00,0,35
style.css,102,css,669e6037,AdaMo22805,2025-02-05,23:21:25,-08:00,2025-02-05T23:21:25-08:00,0,15
style.css,103,css,669e6037,AdaMo22805,2025-02-05,23:21:25,-08:00,2025-02-05T23:21:25-08:00,0,0
style.css,104,css,1b0e51d9,AdaMo22805,2025-01-15,23:31:35,-08:00,2025-01-15T23:31:35-08:00,0,0
style.css,105,css,669e6037,AdaMo22805,2025-02-05,23:21:25,-08:00,2025-02-05T23:21:25-08:00,0,0
style.css,106,css,7189f169,AdaMo22805,2025-01-16,17:33:51,-08:00,2025-01-16T17:33:51-08:00,0,0
style.css,107,css,669e6037,AdaMo22805,2025-02-05,23:21:25,-08:00,2025-02-05T23:21:25-08:00,0,7
style.css,108,css,669e6037,AdaMo22805,2025-02-05,23:21:25,-08:00,2025-02-05T23:21:25-08:00,0,12
style.css,109,css,669e6037,AdaMo22805,2025-02-05,23:21:25,-08:00,2025-02-05T23:21:25-08:00,0,2
style.css,110,css,fcad2be3,AdaMo22805,2025-02-06,21:18:11,-08:00,2025-02-06T21:18:11-08:00,0,15
style.css,111,css,669e6037,AdaMo22805,2025-02-05,23:21:25,-08:00,2025-02-05T23:21:25-08:00,0,24
style.css,112,css,669e6037,AdaMo22805,2025-02-05,23:21:25,-08:00,2025-02-05T23:21:25-08:00,0,40
style.css,113,css,669e6037,AdaMo22805,2025-02-05,23:21:25,-08:00,2025-02-05T23:21:25-08:00,0,26
style.css,114,css,669e6037,AdaMo22805,2025-02-05,23:21:25,-08:00,2025-02-05T23:21:25-08:00,0,0
style.css,115,css,669e6037,AdaMo22805,2025-02-05,23:21:25,-08:00,2025-02-05T23:21:25-08:00,0,7
style.css,116,css,7189f169,AdaMo22805,2025-01-16,17:33:51,-08:00,2025-01-16T17:33:51-08:00,0,13
style.css,117,css,669e6037,AdaMo22805,2025-02-05,23:21:25,-08:00,2025-02-05T23:21:25-08:00,0,33
style.css,118,css,669e6037,AdaMo22805,2025-02-05,23:21:25,-08:00,2025-02-05T23:21:25-08:00,0,8
style.css,119,css,669e6037,AdaMo22805,2025-02-05,23:21:25,-08:00,2025-02-05T23:21:25-08:00,0,16
style.css,120,css,669e6037,AdaMo22805,2025-02-05,23:21:25,-08:00,2025-02-05T23:21:25-08:00,0,3
style.css,121,css,669e6037,AdaMo22805,2025-02-05,23:21:25,-08:00,2025-02-05T23:21:25-08:00,0,12
style.css,122,css,669e6037,AdaMo22805,2025-02-05,23:21:25,-08:00,2025-02-05T23:21:25-08:00,0,0
style.css,123,css,669e6037,AdaMo22805,2025-02-05,23:21:25,-08:00,2025-02-05T23:21:25-08:00,0,3
style.css,124,css,669e6037,AdaMo22805,2025-02-05,23:21:25,-08:00,2025-02-05T23:21:25-08:00,0,7
style.css,125,css,e65358c1,AdaMo22805,2025-02-05,22:03:56,-08:00,2025-02-05T22:03:56-08:00,0,9
style.css,126,css,e65358c1,AdaMo22805,2025-02-05,22:03:56,-08:00,2025-02-05T22:03:56-08:00,0,0
style.css,127,css,7189f169,AdaMo22805,2025-01-16,17:33:51,-08:00,2025-01-16T17:33:51-08:00,0,0
style.css,128,css,7189f169,AdaMo22805,2025-01-16,17:33:51,-08:00,2025-01-16T17:33:51-08:00,0,0
style.css,129,css,669e6037,AdaMo22805,2025-02-05,23:21:25,-08:00,2025-02-05T23:21:25-08:00,0,0
style.css,130,css,7189f169,AdaMo22805,2025-01-16,17:33:51,-08:00,2025-01-16T17:33:51-08:00,0,0
style.css,131,css,669e6037,AdaMo22805,2025-02-05,23:21:25,-08:00,2025-02-05T23:21:25-08:00,0,7
style.css,132,css,669e6037,AdaMo22805,2025-02-05,23:21:25,-08:00,2025-02-05T23:21:25-08:00,0,7
style.css,133,css,669e6037,AdaMo22805,2025-02-05,23:21:25,-08:00,2025-02-05T23:21:25-08:00,0,14
style.css,134,css,669e6037,AdaMo22805,2025-02-05,23:21:25,-08:00,2025-02-05T23:21:25-08:00,0,12
style.css,135,css,669e6037,AdaMo22805,2025-02-05,23:21:25,-08:00,2025-02-05T23:21:25-08:00,0,21
style.css,136,css,669e6037,AdaMo22805,2025-02-05,23:21:25,-08:00,2025-02-05T23:21:25-08:00,0,1
style.css,137,css,669e6037,AdaMo22805,2025-02-05,23:21:25,-08:00,2025-02-05T23:21:25-08:00,0,11
style.css,138,css,e66ee1ee,AdaMo22805,2025-01-17,19:42:29,-08:00,2025-01-17T19:42:29-08:00,0,0
style.css,139,css,669e6037,AdaMo22805,2025-02-05,23:21:25,-08:00,2025-02-05T23:21:25-08:00,0,2
style.css,140,css,669e6037,AdaMo22805,2025-02-05,23:21:25,-08:00,2025-02-05T23:21:25-08:00,0,11
style.css,141,css,e66ee1ee,AdaMo22805,2025-01-17,19:42:29,-08:00,2025-01-17T19:42:29-08:00,0,0
style.css,142,css,e66ee1ee,AdaMo22805,2025-01-17,19:42:29,-08:00,2025-01-17T19:42:29-08:00,0,0
style.css,143,css,669e6037,AdaMo22805,2025-02-05,23:21:25,-08:00,2025-02-05T23:21:25-08:00,0,0
style.css,144,css,fcad2be3,AdaMo22805,2025-02-06,21:18:11,-08:00,2025-02-06T21:18:11-08:00,0,7
style.css,145,css,fcad2be3,AdaMo22805,2025-02-06,21:18:11,-08:00,2025-02-06T21:18:11-08:00,0,18
style.css,146,css,fcad2be3,AdaMo22805,2025-02-06,21:18:11,-08:00,2025-02-06T21:18:11-08:00,0,19
style.css,147,css,fcad2be3,AdaMo22805,2025-02-06,21:18:11,-08:00,2025-02-06T21:18:11-08:00,0,17
style.css,148,css,fcad2be3,AdaMo22805,2025-02-06,21:18:11,-08:00,2025-02-06T21:18:11-08:00,0,20
style.css,149,css,fcad2be3,AdaMo22805,2025-02-06,21:18:11,-08:00,2025-02-06T21:18:11-08:00,0,17
style.css,150,css,fcad2be3,AdaMo22805,2025-02-06,21:18:11,-08:00,2025-02-06T21:18:11-08:00,0,19
style.css,151,css,fcad2be3,AdaMo22805,2025-02-06,21:18:11,-08:00,2025-02-06T21:18:11-08:00,0,19
style.css,152,css,fcad2be3,AdaMo22805,2025-02-06,21:18:11,-08:00,2025-02-06T21:18:11-08:00,0,32
style.css,153,css,fcad2be3,AdaMo22805,2025-02-06,21:18:11,-08:00,2025-02-06T21:18:11-08:00,0,48
style.css,154,css,fcad2be3,AdaMo22805,2025-02-06,21:18:11,-08:00,2025-02-06T21:18:11-08:00,0,10
style.css,155,css,fcad2be3,AdaMo22805,2025-02-06,21:18:11,-08:00,2025-02-06T21:18:11-08:00,0,48
style.css,156,css,fcad2be3,AdaMo22805,2025-02-06,21:18:11,-08:00,2025-02-06T21:18:11-08:00,0,29
style.css,157,css,fcad2be3,AdaMo22805,2025-02-06,21:18:11,-08:00,2025-02-06T21:18:11-08:00,0,25
style.css,158,css,fcad2be3,AdaMo22805,2025-02-06,21:18:11,-08:00,2025-02-06T21:18:11-08:00,0,93
style.css,159,css,fcad2be3,AdaMo22805,2025-02-06,21:18:11,-08:00,2025-02-06T21:18:11-08:00,0,14
style.css,160,css,fcad2be3,AdaMo22805,2025-02-06,21:18:11,-08:00,2025-02-06T21:18:11-08:00,0,17
style.css,161,css,fcad2be3,AdaMo22805,2025-02-06,21:18:11,-08:00,2025-02-06T21:18:11-08:00,0,2
style.css,162,css,fcad2be3,AdaMo22805,2025-02-06,21:18:11,-08:00,2025-02-06T21:18:11-08:00,0,19
style.css,163,css,fcad2be3,AdaMo22805,2025-02-06,21:18:11,-08:00,2025-02-06T21:18:11-08:00,0,0
style.css,164,css,fcad2be3,AdaMo22805,2025-02-06,21:18:11,-08:00,2025-02-06T21:18:11-08:00,0,0
style.css,165,css,e66ee1ee,AdaMo22805,2025-01-17,19:42:29,-08:00,2025-01-17T19:42:29-08:00,0,0
style.css,166,css,4717e1e9,AdaMo22805,2025-02-12,23:30:46,-08:00,2025-02-12T23:30:46-08:00,0,6
style.css,167,css,669e6037,AdaMo22805,2025-02-05,23:21:25,-08:00,2025-02-05T23:21:25-08:00,0,2
style.css,168,css,669e6037,AdaMo22805,2025-02-05,23:21:25,-08:00,2025-02-05T23:21:25-08:00,0,13
style.css,169,css,669e6037,AdaMo22805,2025-02-05,23:21:25,-08:00,2025-02-05T23:21:25-08:00,0,37
style.css,170,css,669e6037,AdaMo22805,2025-02-05,23:21:25,-08:00,2025-02-05T23:21:25-08:00,0,18
style.css,171,css,669e6037,AdaMo22805,2025-02-05,23:21:25,-08:00,2025-02-05T23:21:25-08:00,0,3
style.css,172,css,669e6037,AdaMo22805,2025-02-05,23:21:25,-08:00,2025-02-05T23:21:25-08:00,0,15
style.css,173,css,669e6037,AdaMo22805,2025-02-05,23:21:25,-08:00,2025-02-05T23:21:25-08:00,0,11
style.css,174,css,669e6037,AdaMo22805,2025-02-05,23:21:25,-08:00,2025-02-05T23:21:25-08:00,0,25
style.css,175,css,669e6037,AdaMo22805,2025-02-05,23:21:25,-08:00,2025-02-05T23:21:25-08:00,0,42
style.css,176,css,669e6037,AdaMo22805,2025-02-05,23:21:25,-08:00,2025-02-05T23:21:25-08:00,0,0
style.css,177,css,669e6037,AdaMo22805,2025-02-05,23:21:25,-08:00,2025-02-05T23:21:25-08:00,0,0
style.css,178,css,669e6037,AdaMo22805,2025-02-05,23:21:25,-08:00,2025-02-05T23:21:25-08:00,0,3
style.css,179,css,669e6037,AdaMo22805,2025-02-05,23:21:25,-08:00,2025-02-05T23:21:25-08:00,0,15
style.css,180,css,669e6037,AdaMo22805,2025-02-05,23:21:25,-08:00,2025-02-05T23:21:25-08:00,0,23
style.css,181,css,669e6037,AdaMo22805,2025-02-05,23:21:25,-08:00,2025-02-05T23:21:25-08:00,0,13
style.css,182,css,669e6037,AdaMo22805,2025-02-05,23:21:25,-08:00,2025-02-05T23:21:25-08:00,0,42
style.css,183,css,e66ee1ee,AdaMo22805,2025-01-17,19:42:29,-08:00,2025-01-17T19:42:29-08:00,0,0
style.css,184,css,e66ee1ee,AdaMo22805,2025-01-17,19:42:29,-08:00,2025-01-17T19:42:29-08:00,0,0
style.css,185,css,669e6037,AdaMo22805,2025-02-05,23:21:25,-08:00,2025-02-05T23:21:25-08:00,0,0
style.css,186,css,e66ee1ee,AdaMo22805,2025-01-17,19:42:29,-08:00,2025-01-17T19:42:29-08:00,0,0
style.css,187,css,669e6037,AdaMo22805,2025-02-05,23:21:25,-08:00,2025-02-05T23:21:25-08:00,0,19
style.css,188,css,669e6037,AdaMo22805,2025-02-05,23:21:25,-08:00,2025-02-05T23:21:25-08:00,0,15
style.css,189,css,669e6037,AdaMo22805,2025-02-05,23:21:25,-08:00,2025-02-05T23:21:25-08:00,0,17
style.css,190,css,669e6037,AdaMo22805,2025-02-05,23:21:25,-08:00,2025-02-05T23:21:25-08:00,0,0
style.css,191,css,669e6037,AdaMo22805,2025-02-05,23:21:25,-08:00,2025-02-05T23:21:25-08:00,0,17
style.css,192,css,669e6037,AdaMo22805,2025-02-05,23:21:25,-08:00,2025-02-05T23:21:25-08:00,0,0
style.css,193,css,669e6037,AdaMo22805,2025-02-05,23:21:25,-08:00,2025-02-05T23:21:25-08:00,0,0
style.css,194,css,669e6037,AdaMo22805,2025-02-05,23:21:25,-08:00,2025-02-05T23:21:25-08:00,0,10
style.css,195,css,669e6037,AdaMo22805,2025-02-05,23:21:25,-08:00,2025-02-05T23:21:25-08:00,0,13
style.css,196,css,669e6037,AdaMo22805,2025-02-05,23:21:25,-08:00,2025-02-05T23:21:25-08:00,0,19
style.css,197,css,669e6037,AdaMo22805,2025-02-05,23:21:25,-08:00,2025-02-05T23:21:25-08:00,0,7
style.css,198,css,669e6037,AdaMo22805,2025-02-05,23:21:25,-08:00,2025-02-05T23:21:25-08:00,0,58
style.css,199,css,669e6037,AdaMo22805,2025-02-05,23:21:25,-08:00,2025-02-05T23:21:25-08:00,0,22
style.css,200,css,669e6037,AdaMo22805,2025-02-05,23:21:25,-08:00,2025-02-05T23:21:25-08:00,0,12
style.css,201,css,669e6037,AdaMo22805,2025-02-05,23:21:25,-08:00,2025-02-05T23:21:25-08:00,0,11
style.css,202,css,669e6037,AdaMo22805,2025-02-05,23:21:25,-08:00,2025-02-05T23:21:25-08:00,0,13
style.css,203,css,669e6037,AdaMo22805,2025-02-05,23:21:25,-08:00,2025-02-05T23:21:25-08:00,0,27
style.css,204,css,669e6037,AdaMo22805,2025-02-05,23:21:25,-08:00,2025-02-05T23:21:25-08:00,0,23
style.css,205,css,669e6037,AdaMo22805,2025-02-05,23:21:25,-08:00,2025-02-05T23:21:25-08:00,0,19
style.css,206,css,669e6037,AdaMo22805,2025-02-05,23:21:25,-08:00,2025-02-05T23:21:25-08:00,0,15
style.css,207,css,669e6037,AdaMo22805,2025-02-05,23:21:25,-08:00,2025-02-05T23:21:25-08:00,0,7
style.css,208,css,669e6037,AdaMo22805,2025-02-05,23:21:25,-08:00,2025-02-05T23:21:25-08:00,0,16
style.css,209,css,669e6037,AdaMo22805,2025-02-05,23:21:25,-08:00,2025-02-05T23:21:25-08:00,0,14
style.css,210,css,29817949,AdaMo22805,2025-02-06,14:24:13,-08:00,2025-02-06T14:24:13-08:00,0,19
style.css,211,css,669e6037,AdaMo22805,2025-02-05,23:21:25,-08:00,2025-02-05T23:21:25-08:00,0,9
style.css,212,css,669e6037,AdaMo22805,2025-02-05,23:21:25,-08:00,2025-02-05T23:21:25-08:00,0,21
style.css,213,css,669e6037,AdaMo22805,2025-02-05,23:21:25,-08:00,2025-02-05T23:21:25-08:00,0,13
style.css,214,css,669e6037,AdaMo22805,2025-02-05,23:21:25,-08:00,2025-02-05T23:21:25-08:00,0,19
style.css,215,css,669e6037,AdaMo22805,2025-02-05,23:21:25,-08:00,2025-02-05T23:21:25-08:00,0,8
style.css,216,css,669e6037,AdaMo22805,2025-02-05,23:21:25,-08:00,2025-02-05T23:21:25-08:00,0,12
style.css,217,css,669e6037,AdaMo22805,2025-02-05,23:21:25,-08:00,2025-02-05T23:21:25-08:00,0,11
style.css,218,css,669e6037,AdaMo22805,2025-02-05,23:21:25,-08:00,2025-02-05T23:21:25-08:00,0,21
style.css,219,css,669e6037,AdaMo22805,2025-02-05,23:21:25,-08:00,2025-02-05T23:21:25-08:00,0,11
style.css,220,css,669e6037,AdaMo22805,2025-02-05,23:21:25,-08:00,2025-02-05T23:21:25-08:00,0,17
style.css,221,css,669e6037,AdaMo22805,2025-02-05,23:21:25,-08:00,2025-02-05T23:21:25-08:00,0,30
style.css,222,css,669e6037,AdaMo22805,2025-02-05,23:21:25,-08:00,2025-02-05T23:21:25-08:00,0,18
style.css,223,css,76feba38,AdaMo22805,2025-01-31,00:33:54,-08:00,2025-01-31T00:33:54-08:00,0,0
style.css,224,css,76feba38,AdaMo22805,2025-01-31,00:33:54,-08:00,2025-01-31T00:33:54-08:00,0,0
style.css,225,css,76feba38,AdaMo22805,2025-01-31,00:33:54,-08:00,2025-01-31T00:33:54-08:00,0,0
style.css,226,css,669e6037,AdaMo22805,2025-02-05,23:21:25,-08:00,2025-02-05T23:21:25-08:00,0,0
style.css,227,css,b48d1874,AdaMo22805,2025-02-06,14:42:29,-08:00,2025-02-06T14:42:29-08:00,0,0
style.css,228,css,b48d1874,AdaMo22805,2025-02-06,14:42:29,-08:00,2025-02-06T14:42:29-08:00,0,15
style.css,229,css,b48d1874,AdaMo22805,2025-02-06,14:42:29,-08:00,2025-02-06T14:42:29-08:00,0,11
style.css,230,css,b48d1874,AdaMo22805,2025-02-06,14:42:29,-08:00,2025-02-06T14:42:29-08:00,0,13
style.css,231,css,b48d1874,AdaMo22805,2025-02-06,14:42:29,-08:00,2025-02-06T14:42:29-08:00,0,24
style.css,232,css,b48d1874,AdaMo22805,2025-02-06,14:42:29,-08:00,2025-02-06T14:42:29-08:00,0,15
style.css,233,css,b48d1874,AdaMo22805,2025-02-06,14:42:29,-08:00,2025-02-06T14:42:29-08:00,0,18
style.css,234,css,b48d1874,AdaMo22805,2025-02-06,14:42:29,-08:00,2025-02-06T14:42:29-08:00,0,19
style.css,235,css,3819522c,AdaMo22805,2025-02-06,16:31:57,-08:00,2025-02-06T16:31:57-08:00,0,18
style.css,236,css,3819522c,AdaMo22805,2025-02-06,16:31:57,-08:00,2025-02-06T16:31:57-08:00,0,19
style.css,237,css,b48d1874,AdaMo22805,2025-02-06,14:42:29,-08:00,2025-02-06T14:42:29-08:00,0,0
style.css,238,css,669e6037,AdaMo22805,2025-02-05,23:21:25,-08:00,2025-02-05T23:21:25-08:00,0,0
style.css,239,css,8f9182c2,AdaMo22805,2025-02-06,20:52:50,-08:00,2025-02-06T20:52:50-08:00,0,18
style.css,240,css,8f9182c2,AdaMo22805,2025-02-06,20:52:50,-08:00,2025-02-06T20:52:50-08:00,0,17
style.css,241,css,8f9182c2,AdaMo22805,2025-02-06,20:52:50,-08:00,2025-02-06T20:52:50-08:00,0,12
style.css,242,css,8f9182c2,AdaMo22805,2025-02-06,20:52:50,-08:00,2025-02-06T20:52:50-08:00,0,0
style.css,243,css,8f9182c2,AdaMo22805,2025-02-06,20:52:50,-08:00,2025-02-06T20:52:50-08:00,0,5
style.css,244,css,8f9182c2,AdaMo22805,2025-02-06,20:52:50,-08:00,2025-02-06T20:52:50-08:00,0,17
style.css,245,css,8f9182c2,AdaMo22805,2025-02-06,20:52:50,-08:00,2025-02-06T20:52:50-08:00,0,15
style.css,246,css,8f9182c2,AdaMo22805,2025-02-06,20:52:50,-08:00,2025-02-06T20:52:50-08:00,0,0
style.css,247,css,8f9182c2,AdaMo22805,2025-02-06,20:52:50,-08:00,2025-02-06T20:52:50-08:00,0,0
style.css,248,css,8f9182c2,AdaMo22805,2025-02-06,20:52:50,-08:00,2025-02-06T20:52:50-08:00,0,38
style.css,249,css,8f9182c2,AdaMo22805,2025-02-06,20:52:50,-08:00,2025-02-06T20:52:50-08:00,0,12
style.css,250,css,8f9182c2,AdaMo22805,2025-02-06,20:52:50,-08:00,2025-02-06T20:52:50-08:00,0,0
style.css,251,css,8f9182c2,AdaMo22805,2025-02-06,20:52:50,-08:00,2025-02-06T20:52:50-08:00,0,46
style.css,252,css,8f9182c2,AdaMo22805,2025-02-06,20:52:50,-08:00,2025-02-06T20:52:50-08:00,0,11
style.css,253,css,8f9182c2,AdaMo22805,2025-02-06,20:52:50,-08:00,2025-02-06T20:52:50-08:00,0,0
style.css,254,css,8f9182c2,AdaMo22805,2025-02-06,20:52:50,-08:00,2025-02-06T20:52:50-08:00,0,0
style.css,255,css,8f9182c2,AdaMo22805,2025-02-06,20:52:50,-08:00,2025-02-06T20:52:50-08:00,0,10
style.css,256,css,8f9182c2,AdaMo22805,2025-02-06,20:52:50,-08:00,2025-02-06T20:52:50-08:00,0,15
style.css,257,css,8f9182c2,AdaMo22805,2025-02-06,20:52:50,-08:00,2025-02-06T20:52:50-08:00,0,17
style.css,258,css,4a4422d9,AdaMo22805,2025-02-07,21:42:17,-08:00,2025-02-07T21:42:17-08:00,0,10
style.css,259,css,8f9182c2,AdaMo22805,2025-02-06,20:52:50,-08:00,2025-02-06T20:52:50-08:00,0,48
style.css,260,css,4a4422d9,AdaMo22805,2025-02-07,21:42:17,-08:00,2025-02-07T21:42:17-08:00,0,3
style.css,261,css,8f9182c2,AdaMo22805,2025-02-06,20:52:50,-08:00,2025-02-06T20:52:50-08:00,0,0
style.css,262,css,8f9182c2,AdaMo22805,2025-02-06,20:52:50,-08:00,2025-02-06T20:52:50-08:00,0,11
style.css,263,css,4a4422d9,AdaMo22805,2025-02-07,21:42:17,-08:00,2025-02-07T21:42:17-08:00,0,55
style.css,264,css,8f9182c2,AdaMo22805,2025-02-06,20:52:50,-08:00,2025-02-06T20:52:50-08:00,0,21
style.css,265,css,8f9182c2,AdaMo22805,2025-02-06,20:52:50,-08:00,2025-02-06T20:52:50-08:00,0,37
style.css,266,css,8f9182c2,AdaMo22805,2025-02-06,20:52:50,-08:00,2025-02-06T20:52:50-08:00,0,0
style.css,267,css,8f9182c2,AdaMo22805,2025-02-06,20:52:50,-08:00,2025-02-06T20:52:50-08:00,0,0
style.css,268,css,e65358c1,AdaMo22805,2025-02-05,22:03:56,-08:00,2025-02-05T22:03:56-08:00,0,0
style.css,269,css,669e6037,AdaMo22805,2025-02-05,23:21:25,-08:00,2025-02-05T23:21:25-08:00,0,0
index.js,1,js,76feba38,AdaMo22805,2025-01-31,00:33:54,-08:00,2025-01-31T00:33:54-08:00,0,72
index.js,2,js,02764dd5,AdaMo22805,2025-01-30,15:14:09,-08:00,2025-01-30T15:14:09-08:00,0,0
index.js,3,js,02764dd5,AdaMo22805,2025-01-30,15:14:09,-08:00,2025-01-30T15:14:09-08:00,0,55
index.js,4,js,02764dd5,AdaMo22805,2025-01-30,15:14:09,-08:00,2025-01-30T15:14:09-08:00,0,43
index.js,5,js,02764dd5,AdaMo22805,2025-01-30,15:14:09,-08:00,2025-01-30T15:14:09-08:00,0,61
index.js,6,js,76feba38,AdaMo22805,2025-01-31,00:33:54,-08:00,2025-01-31T00:33:54-08:00,0,55
index.js,7,js,76feba38,AdaMo22805,2025-01-31,00:33:54,-08:00,2025-01-31T00:33:54-08:00,0,0
index.js,8,js,76feba38,AdaMo22805,2025-01-31,00:33:54,-08:00,2025-01-31T00:33:54-08:00,0,54
index.js,9,js,76feba38,AdaMo22805,2025-01-31,00:33:54,-08:00,2025-01-31T00:33:54-08:00,0,61
index.js,10,js,76feba38,AdaMo22805,2025-01-31,00:33:54,-08:00,2025-01-31T00:33:54-08:00,0,18
index.js,11,js,76feba38,AdaMo22805,2025-01-31,00:33:54,-08:00,2025-01-31T00:33:54-08:00,0,25
index.js,12,js,76feba38,AdaMo22805,2025-01-31,00:33:54,-08:00,2025-01-31T00:33:54-08:00,0,3
index.js,13,js,76feba38,AdaMo22805,2025-01-31,00:33:54,-08:00,2025-01-31T00:33:54-08:00,0,56
index.js,14,js,76feba38,AdaMo22805,2025-01-31,00:33:54,-08:00,2025-01-31T00:33:54-08:00,0,56
index.js,15,js,76feba38,AdaMo22805,2025-01-31,00:33:54,-08:00,2025-01-31T00:33:54-08:00,0,50
index.js,16,js,76feba38,AdaMo22805,2025-01-31,00:33:54,-08:00,2025-01-31T00:33:54-08:00,0,50
index.js,17,js,76feba38,AdaMo22805,2025-01-31,00:33:54,-08:00,2025-01-31T00:33:54-08:00,0,4
index.js,18,js,76feba38,AdaMo22805,2025-01-31,00:33:54,-08:00,2025-01-31T00:33:54-08:00,0,1
index.js,19,js,76feba38,AdaMo22805,2025-01-31,00:33:54,-08:00,2025-01-31T00:33:54-08:00,0,0
index.html,1,html,baa929af,AdaMo22805,2025-01-08,22:19:09,-08:00,2025-01-08T22:19:09-08:00,0,14
index.html,2,html,3ee00360,AdaMo22805,2025-01-22,16:17:05,-08:00,2025-01-22T16:17:05-08:00,0,28
index.html,3,html,baa929af,AdaMo22805,2025-01-08,22:19:09,-08:00,2025-01-08T22:19:09-08:00,0,5
index.html,4,html,baa929af,AdaMo22805,2025-01-08,22:19:09,-08:00,2025-01-08T22:19:09-08:00,0,21
index.html,5,html,baa929af,AdaMo22805,2025-01-08,22:19:09,-08:00,2025-01-08T22:19:09-08:00,0,69
index.html,6,html,baa929af,AdaMo22805,2025-01-08,22:19:09,-08:00,2025-01-08T22:19:09-08:00,0,49
index.html,7,html,9a6c555d,AdaMo22805,2025-01-10,18:44:32,-08:00,2025-01-10T18:44:32-08:00,0,39
index.html,8,html,3ee00360,AdaMo22805,2025-01-22,16:17:05,-08:00,2025-01-22T16:17:05-08:00,0,46
index.html,9,html,02764dd5,AdaMo22805,2025-01-30,15:14:09,-08:00,2025-01-30T15:14:09-08:00,0,51
index.html,10,html,baa929af,AdaMo22805,2025-01-08,22:19:09,-08:00,2025-01-08T22:19:09-08:00,0,6
index.html,11,html,baa929af,AdaMo22805,2025-01-08,22:19:09,-08:00,2025-01-08T22:19:09-08:00,0,5
index.html,12,html,3ee00360,AdaMo22805,2025-01-22,16:17:05,-08:00,2025-01-22T16:17:05-08:00,0,9
index.html,13,html,3ee00360,AdaMo22805,2025-01-22,16:17:05,-08:00,2025-01-22T16:17:05-08:00,0,28
index.html,14,html,1d32371c,AdaMo22805,2025-01-15,22:56:02,-08:00,2025-01-15T22:56:02-08:00,0,41
index.html,15,html,1d32371c,AdaMo22805,2025-01-15,22:56:02,-08:00,2025-01-15T22:56:02-08:00,0,39
index.html,16,html,1d32371c,AdaMo22805,2025-01-15,22:56:02,-08:00,2025-01-15T22:56:02-08:00,0,31
index.html,17,html,9a6c555d,AdaMo22805,2025-01-10,18:44:32,-08:00,2025-01-10T18:44:32-08:00,0,73
index.html,18,html,3ee00360,AdaMo22805,2025-01-22,16:17:05,-08:00,2025-01-22T16:17:05-08:00,0,9
index.html,19,html,9a6c555d,AdaMo22805,2025-01-10,18:44:32,-08:00,2025-01-10T18:44:32-08:00,0,14
index.html,20,html,26d914df,AdaMo22805,2025-01-09,18:13:14,-08:00,2025-01-09T18:13:14-08:00,0,2
index.html,21,html,26d914df,AdaMo22805,2025-01-09,18:13:14,-08:00,2025-01-09T18:13:14-08:00,0,6
index.html,22,html,26d914df,AdaMo22805,2025-01-09,18:13:14,-08:00,2025-01-09T18:13:14-08:00,0,111
index.html,23,html,26d914df,AdaMo22805,2025-01-09,18:13:14,-08:00,2025-01-09T18:13:14-08:00,0,73
index.html,24,html,02764dd5,AdaMo22805,2025-01-30,15:14:09,-08:00,2025-01-30T15:14:09-08:00,0,0
index.html,25,html,76feba38,AdaMo22805,2025-01-31,00:33:54,-08:00,2025-01-31T00:33:54-08:00,0,25
index.html,26,html,4717e1e9,AdaMo22805,2025-02-12,23:30:46,-08:00,2025-02-12T23:30:46-08:00,0,35
index.html,27,html,76feba38,AdaMo22805,2025-01-31,00:33:54,-08:00,2025-01-31T00:33:54-08:00,0,50
index.html,28,html,76feba38,AdaMo22805,2025-01-31,00:33:54,-08:00,2025-01-31T00:33:54-08:00,0,5
index.html,29,html,76feba38,AdaMo22805,2025-01-31,00:33:54,-08:00,2025-01-31T00:33:54-08:00,0,0
index.html,30,html,76feba38,AdaMo22805,2025-01-31,00:33:54,-08:00,2025-01-31T00:33:54-08:00,0,23
index.html,31,html,02764dd5,AdaMo22805,2025-01-30,15:14:09,-08:00,2025-01-30T15:14:09-08:00,0,21
index.html,32,html,02764dd5,AdaMo22805,2025-01-30,15:14:09,-08:00,2025-01-30T15:14:09-08:00,0,50
index.html,33,html,02764dd5,AdaMo22805,2025-01-30,15:14:09,-08:00,2025-01-30T15:14:09-08:00,0,5
index.html,34,html,baa929af,AdaMo22805,2025-01-08,22:19:09,-08:00,2025-01-08T22:19:09-08:00,0,6
index.html,35,html,baa929af,AdaMo22805,2025-01-08,22:19:09,-08:00,2025-01-08T22:19:09-08:00,0,6
global.js,1,js,3ee00360,AdaMo22805,2025-01-22,16:17:05,-08:00,2025-01-22T16:17:05-08:00,0,26
global.js,2,js,3ee00360,AdaMo22805,2025-01-22,16:17:05,-08:00,2025-01-22T16:17:05-08:00,0,0
global.js,3,js,3ee00360,AdaMo22805,2025-01-22,16:17:05,-08:00,2025-01-22T16:17:05-08:00,0,42
global.js,4,js,3ee00360,AdaMo22805,2025-01-22,16:17:05,-08:00,2025-01-22T16:17:05-08:00,0,53
global.js,5,js,3ee00360,AdaMo22805,2025-01-22,16:17:05,-08:00,2025-01-22T16:17:05-08:00,0,0
global.js,6,js,3ee00360,AdaMo22805,2025-01-22,16:17:05,-08:00,2025-01-22T16:17:05-08:00,0,0
global.js,7,js,3ee00360,AdaMo22805,2025-01-22,16:17:05,-08:00,2025-01-22T16:17:05-08:00,0,12
global.js,8,js,3ee00360,AdaMo22805,2025-01-22,16:17:05,-08:00,2025-01-22T16:17:05-08:00,0,36
global.js,9,js,3ee00360,AdaMo22805,2025-01-22,16:17:05,-08:00,2025-01-22T16:17:05-08:00,0,49
global.js,10,js,24e1588e,AdaMo22805,2025-01-24,11:05:35,-08:00,2025-01-24T11:05:35-08:00,0,45
global.js,11,js,c1fbd521,AdaMo22805,2025-02-12,09:06:17,-08:00,2025-02-12T09:06:17-08:00,0,47
global.js,12,js,c1fbd521,AdaMo22805,2025-02-12,09:06:17,-08:00,2025-02-12T09:06:17-08:00,0,41
global.js,13,js,3ee00360,AdaMo22805,2025-01-22,16:17:05,-08:00,2025-01-22T16:17:05-08:00,0,62
global.js,14,js,3ee00360,AdaMo22805,2025-01-22,16:17:05,-08:00,2025-01-22T16:17:05-08:00,0,1
global.js,15,js,3ee00360,AdaMo22805,2025-01-22,16:17:05,-08:00,2025-01-22T16:17:05-08:00,0,0
global.js,16,js,3ee00360,AdaMo22805,2025-01-22,16:17:05,-08:00,2025-01-22T16:17:05-08:00,0,39
global.js,17,js,3ee00360,AdaMo22805,2025-01-22,16:17:05,-08:00,2025-01-22T16:17:05-08:00,0,26
global.js,18,js,3ee00360,AdaMo22805,2025-01-22,16:17:05,-08:00,2025-01-22T16:17:05-08:00,0,0
global.js,19,js,3ee00360,AdaMo22805,2025-01-22,16:17:05,-08:00,2025-01-22T16:17:05-08:00,0,71
global.js,20,js,3ee00360,AdaMo22805,2025-01-22,16:17:05,-08:00,2025-01-22T16:17:05-08:00,0,21
global.js,21,js,3ee00360,AdaMo22805,2025-01-22,16:17:05,-08:00,2025-01-22T16:17:05-08:00,0,15
global.js,22,js,3ee00360,AdaMo22805,2025-01-22,16:17:05,-08:00,2025-01-22T16:17:05-08:00,0,19
global.js,23,js,3ee00360,AdaMo22805,2025-01-22,16:17:05,-08:00,2025-01-22T16:17:05-08:00,0,36
global.js,24,js,3ee00360,AdaMo22805,2025-01-22,16:17:05,-08:00,2025-01-22T16:17:05-08:00,0,65
global.js,25,js,3ee00360,AdaMo22805,2025-01-22,16:17:05,-08:00,2025-01-22T16:17:05-08:00,0,35
global.js,26,js,3ee00360,AdaMo22805,2025-01-22,16:17:05,-08:00,2025-01-22T16:17:05-08:00,0,12
global.js,27,js,3ee00360,AdaMo22805,2025-01-22,16:17:05,-08:00,2025-01-22T16:17:05-08:00,0,21
global.js,28,js,3ee00360,AdaMo22805,2025-01-22,16:17:05,-08:00,2025-01-22T16:17:05-08:00,0,13
global.js,29,js,3ee00360,AdaMo22805,2025-01-22,16:17:05,-08:00,2025-01-22T16:17:05-08:00,0,66
global.js,30,js,3ee00360,AdaMo22805,2025-01-22,16:17:05,-08:00,2025-01-22T16:17:05-08:00,0,26
global.js,31,js,3ee00360,AdaMo22805,2025-01-22,16:17:05,-08:00,2025-01-22T16:17:05-08:00,0,0
global.js,32,js,3ee00360,AdaMo22805,2025-01-22,16:17:05,-08:00,2025-01-22T16:17:05-08:00,0,29
global.js,33,js,3ee00360,AdaMo22805,2025-01-22,16:17:05,-08:00,2025-01-22T16:17:05-08:00,0,19
global.js,34,js,3ee00360,AdaMo22805,2025-01-22,16:17:05,-08:00,2025-01-22T16:17:05-08:00,0,0
global.js,35,js,3ee00360,AdaMo22805,2025-01-22,16:17:05,-08:00,2025-01-22T16:17:05-08:00,0,0
global.js,36,js,d1e89e68,AdaMo22805,2025-01-23,22:25:21,-08:00,2025-01-23T22:25:21-08:00,0,0
global.js,37,js,d1e89e68,AdaMo22805,2025-01-23,22:25:21,-08:00,2025-01-23T22:25:21-08:00,0,32
global.js,38,js,d1e89e68,AdaMo22805,2025-01-23,22:25:21,-08:00,2025-01-23T22:25:21-08:00,0,12
global.js,39,js,d1e89e68,AdaMo22805,2025-01-23,22:25:21,-08:00,2025-01-23T22:25:21-08:00,0,0
global.js,40,js,d1e89e68,AdaMo22805,2025-01-23,22:25:21,-08:00,2025-01-23T22:25:21-08:00,0,27
global.js,41,js,d1e89e68,AdaMo22805,2025-01-23,22:25:21,-08:00,2025-01-23T22:25:21-08:00,0,5
global.js,42,js,d1e89e68,AdaMo22805,2025-01-23,22:25:21,-08:00,2025-01-23T22:25:21-08:00,0,17
global.js,43,js,d1e89e68,AdaMo22805,2025-01-23,22:25:21,-08:00,2025-01-23T22:25:21-08:00,0,46
global.js,44,js,d1e89e68,AdaMo22805,2025-01-23,22:25:21,-08:00,2025-01-23T22:25:21-08:00,0,37
global.js,45,js,d1e89e68,AdaMo22805,2025-01-23,22:25:21,-08:00,2025-01-23T22:25:21-08:00,0,35
global.js,46,js,d1e89e68,AdaMo22805,2025-01-23,22:25:21,-08:00,2025-01-23T22:25:21-08:00,0,8
global.js,47,js,d1e89e68,AdaMo22805,2025-01-23,22:25:21,-08:00,2025-01-23T22:25:21-08:00,0,8
global.js,48,js,d1e89e68,AdaMo22805,2025-01-23,22:25:21,-08:00,2025-01-23T22:25:21-08:00,0,1
global.js,49,js,d1e89e68,AdaMo22805,2025-01-23,22:25:21,-08:00,2025-01-23T22:25:21-08:00,0,0
global.js,50,js,d1e89e68,AdaMo22805,2025-01-23,22:25:21,-08:00,2025-01-23T22:25:21-08:00,0,43
global.js,51,js,d1e89e68,AdaMo22805,2025-01-23,22:25:21,-08:00,2025-01-23T22:25:21-08:00,0,0
global.js,52,js,d1e89e68,AdaMo22805,2025-01-23,22:25:21,-08:00,2025-01-23T22:25:21-08:00,0,35
global.js,53,js,d1e89e68,AdaMo22805,2025-01-23,22:25:21,-08:00,2025-01-23T22:25:21-08:00,0,44
global.js,54,js,d1e89e68,AdaMo22805,2025-01-23,22:25:21,-08:00,2025-01-23T22:25:21-08:00,0,71
global.js,55,js,d1e89e68,AdaMo22805,2025-01-23,22:25:21,-08:00,2025-01-23T22:25:21-08:00,0,26
global.js,56,js,d1e89e68,AdaMo22805,2025-01-23,22:25:21,-08:00,2025-01-23T22:25:21-08:00,0,0
global.js,57,js,d1e89e68,AdaMo22805,2025-01-23,22:25:21,-08:00,2025-01-23T22:25:21-08:00,0,0
global.js,58,js,d1e89e68,AdaMo22805,2025-01-23,22:25:21,-08:00,2025-01-23T22:25:21-08:00,0,50
global.js,59,js,d1e89e68,AdaMo22805,2025-01-23,22:25:21,-08:00,2025-01-23T22:25:21-08:00,0,58
global.js,60,js,d1e89e68,AdaMo22805,2025-01-23,22:25:21,-08:00,2025-01-23T22:25:21-08:00,0,78
global.js,61,js,d1e89e68,AdaMo22805,2025-01-23,22:25:21,-08:00,2025-01-23T22:25:21-08:00,0,44
global.js,62,js,d1e89e68,AdaMo22805,2025-01-23,22:25:21,-08:00,2025-01-23T22:25:21-08:00,0,2
global.js,63,js,d1e89e68,AdaMo22805,2025-01-23,22:25:21,-08:00,2025-01-23T22:25:21-08:00,0,0
global.js,64,js,d1e89e68,AdaMo22805,2025-01-23,22:25:21,-08:00,2025-01-23T22:25:21-08:00,0,41
global.js,65,js,d1e89e68,AdaMo22805,2025-01-23,22:25:21,-08:00,2025-01-23T22:25:21-08:00,0,50
global.js,66,js,d1e89e68,AdaMo22805,2025-01-23,22:25:21,-08:00,2025-01-23T22:25:21-08:00,0,22
global.js,67,js,d1e89e68,AdaMo22805,2025-01-23,22:25:21,-08:00,2025-01-23T22:25:21-08:00,0,29
global.js,68,js,d1e89e68,AdaMo22805,2025-01-23,22:25:21,-08:00,2025-01-23T22:25:21-08:00,0,27
global.js,69,js,d1e89e68,AdaMo22805,2025-01-23,22:25:21,-08:00,2025-01-23T22:25:21-08:00,0,32
global.js,70,js,d1e89e68,AdaMo22805,2025-01-23,22:25:21,-08:00,2025-01-23T22:25:21-08:00,0,32
global.js,71,js,d1e89e68,AdaMo22805,2025-01-23,22:25:21,-08:00,2025-01-23T22:25:21-08:00,0,32
global.js,72,js,d1e89e68,AdaMo22805,2025-01-23,22:25:21,-08:00,2025-01-23T22:25:21-08:00,0,24
global.js,73,js,d1e89e68,AdaMo22805,2025-01-23,22:25:21,-08:00,2025-01-23T22:25:21-08:00,0,46
global.js,74,js,d1e89e68,AdaMo22805,2025-01-23,22:25:21,-08:00,2025-01-23T22:25:21-08:00,0,0
global.js,75,js,d1e89e68,AdaMo22805,2025-01-23,22:25:21,-08:00,2025-01-23T22:25:21-08:00,0,30
global.js,76,js,d1e89e68,AdaMo22805,2025-01-23,22:25:21,-08:00,2025-01-23T22:25:21-08:00,0,19
global.js,77,js,d1e89e68,AdaMo22805,2025-01-23,22:25:21,-08:00,2025-01-23T22:25:21-08:00,0,2
global.js,78,js,a70f0ca7,AdaMo22805,2025-01-30,14:52:47,-08:00,2025-01-30T14:52:47-08:00,0,0
global.js,79,js,a70f0ca7,AdaMo22805,2025-01-30,14:52:47,-08:00,2025-01-30T14:52:47-08:00,0,37
global.js,80,js,a70f0ca7,AdaMo22805,2025-01-30,14:52:47,-08:00,2025-01-30T14:52:47-08:00,0,4
global.js,81,js,a70f0ca7,AdaMo22805,2025-01-30,14:52:47,-08:00,2025-01-30T14:52:47-08:00,0,40
global.js,82,js,a70f0ca7,AdaMo22805,2025-01-30,14:52:47,-08:00,2025-01-30T14:52:47-08:00,0,33
global.js,83,js,a70f0ca7,AdaMo22805,2025-01-30,14:52:47,-08:00,2025-01-30T14:52:47-08:00,0,23
global.js,84,js,a70f0ca7,AdaMo22805,2025-01-30,14:52:47,-08:00,2025-01-30T14:52:47-08:00,0,18
global.js,85,js,a70f0ca7,AdaMo22805,2025-01-30,14:52:47,-08:00,2025-01-30T14:52:47-08:00,0,67
global.js,86,js,a70f0ca7,AdaMo22805,2025-01-30,14:52:47,-08:00,2025-01-30T14:52:47-08:00,0,0
global.js,87,js,a70f0ca7,AdaMo22805,2025-01-30,14:52:47,-08:00,2025-01-30T14:52:47-08:00,0,34
global.js,88,js,a70f0ca7,AdaMo22805,2025-01-30,14:52:47,-08:00,2025-01-30T14:52:47-08:00,0,19
global.js,89,js,a70f0ca7,AdaMo22805,2025-01-30,14:52:47,-08:00,2025-01-30T14:52:47-08:00,0,11
global.js,90,js,a70f0ca7,AdaMo22805,2025-01-30,14:52:47,-08:00,2025-01-30T14:52:47-08:00,0,0
global.js,91,js,a70f0ca7,AdaMo22805,2025-01-30,14:52:47,-08:00,2025-01-30T14:52:47-08:00,0,16
global.js,92,js,a70f0ca7,AdaMo22805,2025-01-30,14:52:47,-08:00,2025-01-30T14:52:47-08:00,0,60
global.js,93,js,a70f0ca7,AdaMo22805,2025-01-30,14:52:47,-08:00,2025-01-30T14:52:47-08:00,0,0
global.js,94,js,a70f0ca7,AdaMo22805,2025-01-30,14:52:47,-08:00,2025-01-30T14:52:47-08:00,0,0
global.js,95,js,a70f0ca7,AdaMo22805,2025-01-30,14:52:47,-08:00,2025-01-30T14:52:47-08:00,0,0
global.js,96,js,a70f0ca7,AdaMo22805,2025-01-30,14:52:47,-08:00,2025-01-30T14:52:47-08:00,0,79
global.js,97,js,a70f0ca7,AdaMo22805,2025-01-30,14:52:47,-08:00,2025-01-30T14:52:47-08:00,0,84
global.js,98,js,a70f0ca7,AdaMo22805,2025-01-30,14:52:47,-08:00,2025-01-30T14:52:47-08:00,0,31
global.js,99,js,a70f0ca7,AdaMo22805,2025-01-30,14:52:47,-08:00,2025-01-30T14:52:47-08:00,0,0
global.js,100,js,a70f0ca7,AdaMo22805,2025-01-30,14:52:47,-08:00,2025-01-30T14:52:47-08:00,0,25
global.js,101,js,a70f0ca7,AdaMo22805,2025-01-30,14:52:47,-08:00,2025-01-30T14:52:47-08:00,0,49
global.js,102,js,a70f0ca7,AdaMo22805,2025-01-30,14:52:47,-08:00,2025-01-30T14:52:47-08:00,0,63
global.js,103,js,a70f0ca7,AdaMo22805,2025-01-30,14:52:47,-08:00,2025-01-30T14:52:47-08:00,0,48
global.js,104,js,a70f0ca7,AdaMo22805,2025-01-30,14:52:47,-08:00,2025-01-30T14:52:47-08:00,0,19
global.js,105,js,a70f0ca7,AdaMo22805,2025-01-30,14:52:47,-08:00,2025-01-30T14:52:47-08:00,0,0
global.js,106,js,a70f0ca7,AdaMo22805,2025-01-30,14:52:47,-08:00,2025-01-30T14:52:47-08:00,0,20
global.js,107,js,a70f0ca7,AdaMo22805,2025-01-30,14:52:47,-08:00,2025-01-30T14:52:47-08:00,0,44
global.js,108,js,a70f0ca7,AdaMo22805,2025-01-30,14:52:47,-08:00,2025-01-30T14:52:47-08:00,0,38
global.js,109,js,e65358c1,AdaMo22805,2025-02-05,22:03:56,-08:00,2025-02-05T22:03:56-08:00,0,4
global.js,110,js,e65358c1,AdaMo22805,2025-02-05,22:03:56,-08:00,2025-02-05T22:03:56-08:00,0,22
global.js,111,js,e65358c1,AdaMo22805,2025-02-05,22:03:56,-08:00,2025-02-05T22:03:56-08:00,0,28
global.js,112,js,e65358c1,AdaMo22805,2025-02-05,22:03:56,-08:00,2025-02-05T22:03:56-08:00,0,5
global.js,113,js,a70f0ca7,AdaMo22805,2025-01-30,14:52:47,-08:00,2025-01-30T14:52:47-08:00,0,1
global.js,114,js,a70f0ca7,AdaMo22805,2025-01-30,14:52:47,-08:00,2025-01-30T14:52:47-08:00,0,37
global.js,115,js,a70f0ca7,AdaMo22805,2025-01-30,14:52:47,-08:00,2025-01-30T14:52:47-08:00,0,0
global.js,116,js,a70f0ca7,AdaMo22805,2025-01-30,14:52:47,-08:00,2025-01-30T14:52:47-08:00,0,0
global.js,117,js,a70f0ca7,AdaMo22805,2025-01-30,14:52:47,-08:00,2025-01-30T14:52:47-08:00,0,0
global.js,118,js,76feba38,AdaMo22805,2025-01-31,00:33:54,-08:00,2025-01-31T00:33:54-08:00,0,48
global.js,119,js,76feba38,AdaMo22805,2025-01-31,00:33:54,-08:00,2025-01-31T00:33:54-08:00,0,60
global.js,120,js,76feba38,AdaMo22805,2025-01-31,00:33:54,-08:00,2025-01-31T00:33:54-08:00,0,0
global.js,121,js,76feba38,AdaMo22805,2025-01-31,00:33:54,-08:00,2025-01-31T00:33:54-08:00,0,0
global.js,122,js,76feba38,AdaMo22805,2025-01-31,00:33:54,-08:00,2025-01-31T00:33:54-08:00,0,0
resume/index.html,1,html,9a6c555d,AdaMo22805,2025-01-10,18:44:32,-08:00,2025-01-10T18:44:32-08:00,0,14
resume/index.html,2,html,9a6c555d,AdaMo22805,2025-01-10,18:44:32,-08:00,2025-01-10T18:44:32-08:00,0,15
resume/index.html,3,html,9a6c555d,AdaMo22805,2025-01-10,18:44:32,-08:00,2025-01-10T18:44:32-08:00,0,5
resume/index.html,4,html,9a6c555d,AdaMo22805,2025-01-10,18:44:32,-08:00,2025-01-10T18:44:32-08:00,0,21
resume/index.html,5,html,9a6c555d,AdaMo22805,2025-01-10,18:44:32,-08:00,2025-01-10T18:44:32-08:00,0,69
resume/index.html,6,html,9a6c555d,AdaMo22805,2025-01-10,18:44:32,-08:00,2025-01-10T18:44:32-08:00,0,20
resume/index.html,7,html,24e1588e,AdaMo22805,2025-01-24,11:05:35,-08:00,2025-01-24T11:05:35-08:00,0,42
resume/index.html,8,html,24e1588e,AdaMo22805,2025-01-24,11:05:35,-08:00,2025-01-24T11:05:35-08:00,0,49
resume/index.html,9,html,9a6c555d,AdaMo22805,2025-01-10,18:44:32,-08:00,2025-01-10T18:44:32-08:00,0,6
resume/index.html,10,html,9a6c555d,AdaMo22805,2025-01-10,18:44:32,-08:00,2025-01-10T18:44:32-08:00,0,5
resume/index.html,11,html,3ee00360,AdaMo22805,2025-01-22,16:17:05,-08:00,2025-01-22T16:17:05-08:00,0,9
resume/index.html,12,html,99f13bf0,AdaMo22805,2025-01-15,23:40:27,-08:00,2025-01-15T23:40:27-08:00,0,28
resume/index.html,13,html,99f13bf0,AdaMo22805,2025-01-15,23:40:27,-08:00,2025-01-15T23:40:27-08:00,0,41
resume/index.html,14,html,99f13bf0,AdaMo22805,2025-01-15,23:40:27,-08:00,2025-01-15T23:40:27-08:00,0,39
resume/index.html,15,html,3ee00360,AdaMo22805,2025-01-22,16:17:05,-08:00,2025-01-22T16:17:05-08:00,0,31
resume/index.html,16,html,99f13bf0,AdaMo22805,2025-01-15,23:40:27,-08:00,2025-01-15T23:40:27-08:00,0,73
resume/index.html,17,html,3ee00360,AdaMo22805,2025-01-22,16:17:05,-08:00,2025-01-22T16:17:05-08:00,0,9
resume/index.html,18,html,9a6c555d,AdaMo22805,2025-01-10,18:44:32,-08:00,2025-01-10T18:44:32-08:00,0,0
resume/index.html,19,html,9a6c555d,AdaMo22805,2025-01-10,18:44:32,-08:00,2025-01-10T18:44:32-08:00,0,0
resume/index.html,20,html,fcad2be3,AdaMo22805,2025-02-06,21:18:11,-08:00,2025-02-06T21:18:11-08:00,0,19
resume/index.html,21,html,fcad2be3,AdaMo22805,2025-02-06,21:18:11,-08:00,2025-02-06T21:18:11-08:00,0,17
resume/index.html,22,html,e66ee1ee,AdaMo22805,2025-01-17,19:42:29,-08:00,2025-01-17T19:42:29-08:00,0,8
resume/index.html,23,html,e66ee1ee,AdaMo22805,2025-01-17,19:42:29,-08:00,2025-01-17T19:42:29-08:00,0,17
resume/index.html,24,html,e66ee1ee,AdaMo22805,2025-01-17,19:42:29,-08:00,2025-01-17T19:42:29-08:00,0,8
resume/index.html,25,html,24e1588e,AdaMo22805,2025-01-24,11:05:35,-08:00,2025-01-24T11:05:35-08:00,0,62
resume/index.html,26,html,e66ee1ee,AdaMo22805,2025-01-17,19:42:29,-08:00,2025-01-17T19:42:29-08:00,0,4
resume/index.html,27,html,e66ee1ee,AdaMo22805,2025-01-17,19:42:29,-08:00,2025-01-17T19:42:29-08:00,0,16
resume/index.html,28,html,e66ee1ee,AdaMo22805,2025-01-17,19:42:29,-08:00,2025-01-17T19:42:29-08:00,0,53
resume/index.html,29,html,e66ee1ee,AdaMo22805,2025-01-17,19:42:29,-08:00,2025-01-17T19:42:29-08:00,0,3
resume/index.html,30,html,e66ee1ee,AdaMo22805,2025-01-17,19:42:29,-08:00,2025-01-17T19:42:29-08:00,0,2
resume/index.html,31,html,e66ee1ee,AdaMo22805,2025-01-17,19:42:29,-08:00,2025-01-17T19:42:29-08:00,0,19
resume/index.html,32,html,e66ee1ee,AdaMo22805,2025-01-17,19:42:29,-08:00,2025-01-17T19:42:29-08:00,0,3
resume/index.html,33,html,e66ee1ee,AdaMo22805,2025-01-17,19:42:29,-08:00,2025-01-17T19:42:29-08:00,0,34
resume/index.html,34,html,e66ee1ee,AdaMo22805,2025-01-17,19:42:29,-08:00,2025-01-17T19:42:29-08:00,0,36
resume/index.html,35,html,e66ee1ee,AdaMo22805,2025-01-17,19:42:29,-08:00,2025-01-17T19:42:29-08:00,0,50
resume/index.html,36,html,e66ee1ee,AdaMo22805,2025-01-17,19:42:29,-08:00,2025-01-17T19:42:29-08:00,0,37
resume/index.html,37,html,e66ee1ee,AdaMo22805,2025-01-17,19:42:29,-08:00,2025-01-17T19:42:29-08:00,0,66
resume/index.html,38,html,e66ee1ee,AdaMo22805,2025-01-17,19:42:29,-08:00,2025-01-17T19:42:29-08:00,0,32
resume/index.html,39,html,e66ee1ee,AdaMo22805,2025-01-17,19:42:29,-08:00,2025-01-17T19:42:29-08:00,0,66
resume/index.html,40,html,e66ee1ee,AdaMo22805,2025-01-17,19:42:29,-08:00,2025-01-17T19:42:29-08:00,0,22
resume/index.html,41,html,e66ee1ee,AdaMo22805,2025-01-17,19:42:29,-08:00,2025-01-17T19:42:29-08:00,0,4
resume/index.html,42,html,e66ee1ee,AdaMo22805,2025-01-17,19:42:29,-08:00,2025-01-17T19:42:29-08:00,0,3
resume/index.html,43,html,e66ee1ee,AdaMo22805,2025-01-17,19:42:29,-08:00,2025-01-17T19:42:29-08:00,0,5
resume/index.html,44,html,e66ee1ee,AdaMo22805,2025-01-17,19:42:29,-08:00,2025-01-17T19:42:29-08:00,0,9
resume/index.html,45,html,e66ee1ee,AdaMo22805,2025-01-17,19:42:29,-08:00,2025-01-17T19:42:29-08:00,0,9
resume/index.html,46,html,9a6c555d,AdaMo22805,2025-01-10,18:44:32,-08:00,2025-01-10T18:44:32-08:00,0,0
resume/index.html,47,html,e66ee1ee,AdaMo22805,2025-01-17,19:42:29,-08:00,2025-01-17T19:42:29-08:00,0,8
resume/index.html,48,html,e66ee1ee,AdaMo22805,2025-01-17,19:42:29,-08:00,2025-01-17T19:42:29-08:00,0,18
resume/index.html,49,html,e66ee1ee,AdaMo22805,2025-01-17,19:42:29,-08:00,2025-01-17T19:42:29-08:00,0,8
resume/index.html,50,html,24e1588e,AdaMo22805,2025-01-24,11:05:35,-08:00,2025-01-24T11:05:35-08:00,0,76
resume/index.html,51,html,e66ee1ee,AdaMo22805,2025-01-17,19:42:29,-08:00,2025-01-17T19:42:29-08:00,0,4
resume/index.html,52,html,e66ee1ee,AdaMo22805,2025-01-17,19:42:29,-08:00,2025-01-17T19:42:29-08:00,0,16
resume/index.html,53,html,e66ee1ee,AdaMo22805,2025-01-17,19:42:29,-08:00,2025-01-17T19:42:29-08:00,0,46
resume/index.html,54,html,e66ee1ee,AdaMo22805,2025-01-17,19:42:29,-08:00,2025-01-17T19:42:29-08:00,0,45
resume/index.html,55,html,e66ee1ee,AdaMo22805,2025-01-17,19:42:29,-08:00,2025-01-17T19:42:29-08:00,0,3
resume/index.html,56,html,e66ee1ee,AdaMo22805,2025-01-17,19:42:29,-08:00,2025-01-17T19:42:29-08:00,0,2
resume/index.html,57,html,e66ee1ee,AdaMo22805,2025-01-17,19:42:29,-08:00,2025-01-17T19:42:29-08:00,0,3
resume/index.html,58,html,e66ee1ee,AdaMo22805,2025-01-17,19:42:29,-08:00,2025-01-17T19:42:29-08:00,0,99
resume/index.html,59,html,e66ee1ee,AdaMo22805,2025-01-17,19:42:29,-08:00,2025-01-17T19:42:29-08:00,0,100
resume/index.html,60,html,e66ee1ee,AdaMo22805,2025-01-17,19:42:29,-08:00,2025-01-17T19:42:29-08:00,0,4
resume/index.html,61,html,e66ee1ee,AdaMo22805,2025-01-17,19:42:29,-08:00,2025-01-17T19:42:29-08:00,0,3
resume/index.html,62,html,e66ee1ee,AdaMo22805,2025-01-17,19:42:29,-08:00,2025-01-17T19:42:29-08:00,0,5
resume/index.html,63,html,e66ee1ee,AdaMo22805,2025-01-17,19:42:29,-08:00,2025-01-17T19:42:29-08:00,0,9
resume/index.html,64,html,9a6c555d,AdaMo22805,2025-01-10,18:44:32,-08:00,2025-01-10T18:44:32-08:00,0,0
resume/index.html,65,html,e66ee1ee,AdaMo22805,2025-01-17,19:42:29,-08:00,2025-01-17T19:42:29-08:00,0,8
resume/index.html,66,html,24e1588e,AdaMo22805,2025-01-24,11:05:35,-08:00,2025-01-24T11:05:35-08:00,0,68
resume/index.html,67,html,e66ee1ee,AdaMo22805,2025-01-17,19:42:29,-08:00,2025-01-17T19:42:29-08:00,0,4
resume/index.html,68,html,e66ee1ee,AdaMo22805,2025-01-17,19:42:29,-08:00,2025-01-17T19:42:29-08:00,0,16
resume/index.html,69,html,e66ee1ee,AdaMo22805,2025-01-17,19:42:29,-08:00,2025-01-17T19:42:29-08:00,0,54
resume/index.html,70,html,e66ee1ee,AdaMo22805,2025-01-17,19:42:29,-08:00,2025-01-17T19:42:29-08:00,0,47
resume/index.html,71,html,e66ee1ee,AdaMo22805,2025-01-17,19:42:29,-08:00,2025-01-17T19:42:29-08:00,0,3
resume/index.html,72,html,e66ee1ee,AdaMo22805,2025-01-17,19:42:29,-08:00,2025-01-17T19:42:29-08:00,0,2
resume/index.html,73,html,e66ee1ee,AdaMo22805,2025-01-17,19:42:29,-08:00,2025-01-17T19:42:29-08:00,0,3
resume/index.html,74,html,e66ee1ee,AdaMo22805,2025-01-17,19:42:29,-08:00,2025-01-17T19:42:29-08:00,0,106
resume/index.html,75,html,e66ee1ee,AdaMo22805,2025-01-17,19:42:29,-08:00,2025-01-17T19:42:29-08:00,0,57
resume/index.html,76,html,e66ee1ee,AdaMo22805,2025-01-17,19:42:29,-08:00,2025-01-17T19:42:29-08:00,0,92
resume/index.html,77,html,e66ee1ee,AdaMo22805,2025-01-17,19:42:29,-08:00,2025-01-17T19:42:29-08:00,0,4
resume/index.html,78,html,e66ee1ee,AdaMo22805,2025-01-17,19:42:29,-08:00,2025-01-17T19:42:29-08:00,0,3
resume/index.html,79,html,e66ee1ee,AdaMo22805,2025-01-17,19:42:29,-08:00,2025-01-17T19:42:29-08:00,0,5
resume/index.html,80,html,e66ee1ee,AdaMo22805,2025-01-17,19:42:29,-08:00,2025-01-17T19:42:29-08:00,0,9
resume/index.html,81,html,9a6c555d,AdaMo22805,2025-01-10,18:44:32,-08:00,2025-01-10T18:44:32-08:00,0,0
resume/index.html,82,html,e66ee1ee,AdaMo22805,2025-01-17,19:42:29,-08:00,2025-01-17T19:42:29-08:00,0,8
resume/index.html,83,html,24e1588e,AdaMo22805,2025-01-24,11:05:35,-08:00,2025-01-24T11:05:35-08:00,0,66
resume/index.html,84,html,e66ee1ee,AdaMo22805,2025-01-17,19:42:29,-08:00,2025-01-17T19:42:29-08:00,0,4
resume/index.html,85,html,e66ee1ee,AdaMo22805,2025-01-17,19:42:29,-08:00,2025-01-17T19:42:29-08:00,0,16
resume/index.html,86,html,e66ee1ee,AdaMo22805,2025-01-17,19:42:29,-08:00,2025-01-17T19:42:29-08:00,0,63
resume/index.html,87,html,e66ee1ee,AdaMo22805,2025-01-17,19:42:29,-08:00,2025-01-17T19:42:29-08:00,0,53
resume/index.html,88,html,e66ee1ee,AdaMo22805,2025-01-17,19:42:29,-08:00,2025-01-17T19:42:29-08:00,0,3
resume/index.html,89,html,e66ee1ee,AdaMo22805,2025-01-17,19:42:29,-08:00,2025-01-17T19:42:29-08:00,0,2
resume/index.html,90,html,e66ee1ee,AdaMo22805,2025-01-17,19:42:29,-08:00,2025-01-17T19:42:29-08:00,0,3
resume/index.html,91,html,e66ee1ee,AdaMo22805,2025-01-17,19:42:29,-08:00,2025-01-17T19:42:29-08:00,0,146
resume/index.html,92,html,e66ee1ee,AdaMo22805,2025-01-17,19:42:29,-08:00,2025-01-17T19:42:29-08:00,0,181
resume/index.html,93,html,e66ee1ee,AdaMo22805,2025-01-17,19:42:29,-08:00,2025-01-17T19:42:29-08:00,0,85
resume/index.html,94,html,e66ee1ee,AdaMo22805,2025-01-17,19:42:29,-08:00,2025-01-17T19:42:29-08:00,0,109
resume/index.html,95,html,e66ee1ee,AdaMo22805,2025-01-17,19:42:29,-08:00,2025-01-17T19:42:29-08:00,0,166
resume/index.html,96,html,e66ee1ee,AdaMo22805,2025-01-17,19:42:29,-08:00,2025-01-17T19:42:29-08:00,0,139
resume/index.html,97,html,e66ee1ee,AdaMo22805,2025-01-17,19:42:29,-08:00,2025-01-17T19:42:29-08:00,0,4
resume/index.html,98,html,e66ee1ee,AdaMo22805,2025-01-17,19:42:29,-08:00,2025-01-17T19:42:29-08:00,0,3
resume/index.html,99,html,e66ee1ee,AdaMo22805,2025-01-17,19:42:29,-08:00,2025-01-17T19:42:29-08:00,0,5
resume/index.html,100,html,e66ee1ee,AdaMo22805,2025-01-17,19:42:29,-08:00,2025-01-17T19:42:29-08:00,0,9
resume/index.html,101,html,e66ee1ee,AdaMo22805,2025-01-17,19:42:29,-08:00,2025-01-17T19:42:29-08:00,0,9
resume/index.html,102,html,9a6c555d,AdaMo22805,2025-01-10,18:44:32,-08:00,2025-01-10T18:44:32-08:00,0,0
resume/index.html,103,html,e66ee1ee,AdaMo22805,2025-01-17,19:42:29,-08:00,2025-01-17T19:42:29-08:00,0,23
resume/index.html,104,html,e66ee1ee,AdaMo22805,2025-01-17,19:42:29,-08:00,2025-01-17T19:42:29-08:00,0,14
resume/index.html,105,html,e66ee1ee,AdaMo22805,2025-01-17,19:42:29,-08:00,2025-01-17T19:42:29-08:00,0,8
resume/index.html,106,html,e66ee1ee,AdaMo22805,2025-01-17,19:42:29,-08:00,2025-01-17T19:42:29-08:00,0,36
resume/index.html,107,html,e66ee1ee,AdaMo22805,2025-01-17,19:42:29,-08:00,2025-01-17T19:42:29-08:00,0,3
resume/index.html,108,html,e66ee1ee,AdaMo22805,2025-01-17,19:42:29,-08:00,2025-01-17T19:42:29-08:00,0,14
resume/index.html,109,html,e66ee1ee,AdaMo22805,2025-01-17,19:42:29,-08:00,2025-01-17T19:42:29-08:00,0,12
resume/index.html,110,html,e66ee1ee,AdaMo22805,2025-01-17,19:42:29,-08:00,2025-01-17T19:42:29-08:00,0,18
resume/index.html,111,html,e66ee1ee,AdaMo22805,2025-01-17,19:42:29,-08:00,2025-01-17T19:42:29-08:00,0,12
resume/index.html,112,html,e66ee1ee,AdaMo22805,2025-01-17,19:42:29,-08:00,2025-01-17T19:42:29-08:00,0,9
resume/index.html,113,html,e66ee1ee,AdaMo22805,2025-01-17,19:42:29,-08:00,2025-01-17T19:42:29-08:00,0,8
resume/index.html,114,html,e66ee1ee,AdaMo22805,2025-01-17,19:42:29,-08:00,2025-01-17T19:42:29-08:00,0,82
resume/index.html,115,html,e66ee1ee,AdaMo22805,2025-01-17,19:42:29,-08:00,2025-01-17T19:42:29-08:00,0,3
resume/index.html,116,html,e66ee1ee,AdaMo22805,2025-01-17,19:42:29,-08:00,2025-01-17T19:42:29-08:00,0,59
resume/index.html,117,html,e66ee1ee,AdaMo22805,2025-01-17,19:42:29,-08:00,2025-01-17T19:42:29-08:00,0,211
resume/index.html,118,html,e66ee1ee,AdaMo22805,2025-01-17,19:42:29,-08:00,2025-01-17T19:42:29-08:00,0,4
resume/index.html,119,html,e66ee1ee,AdaMo22805,2025-01-17,19:42:29,-08:00,2025-01-17T19:42:29-08:00,0,9
resume/index.html,120,html,e66ee1ee,AdaMo22805,2025-01-17,19:42:29,-08:00,2025-01-17T19:42:29-08:00,0,8
resume/index.html,121,html,e66ee1ee,AdaMo22805,2025-01-17,19:42:29,-08:00,2025-01-17T19:42:29-08:00,0,73
resume/index.html,122,html,e66ee1ee,AdaMo22805,2025-01-17,19:42:29,-08:00,2025-01-17T19:42:29-08:00,0,8
resume/index.html,123,html,e66ee1ee,AdaMo22805,2025-01-17,19:42:29,-08:00,2025-01-17T19:42:29-08:00,0,13
resume/index.html,124,html,e66ee1ee,AdaMo22805,2025-01-17,19:42:29,-08:00,2025-01-17T19:42:29-08:00,0,15
resume/index.html,125,html,e66ee1ee,AdaMo22805,2025-01-17,19:42:29,-08:00,2025-01-17T19:42:29-08:00,0,15
resume/index.html,126,html,e66ee1ee,AdaMo22805,2025-01-17,19:42:29,-08:00,2025-01-17T19:42:29-08:00,0,8
resume/index.html,127,html,e66ee1ee,AdaMo22805,2025-01-17,19:42:29,-08:00,2025-01-17T19:42:29-08:00,0,9
resume/index.html,128,html,e66ee1ee,AdaMo22805,2025-01-17,19:42:29,-08:00,2025-01-17T19:42:29-08:00,0,8
resume/index.html,129,html,e66ee1ee,AdaMo22805,2025-01-17,19:42:29,-08:00,2025-01-17T19:42:29-08:00,0,115
resume/index.html,130,html,e66ee1ee,AdaMo22805,2025-01-17,19:42:29,-08:00,2025-01-17T19:42:29-08:00,0,8
resume/index.html,131,html,e66ee1ee,AdaMo22805,2025-01-17,19:42:29,-08:00,2025-01-17T19:42:29-08:00,0,51
resume/index.html,132,html,e66ee1ee,AdaMo22805,2025-01-17,19:42:29,-08:00,2025-01-17T19:42:29-08:00,0,50
resume/index.html,133,html,e66ee1ee,AdaMo22805,2025-01-17,19:42:29,-08:00,2025-01-17T19:42:29-08:00,0,8
resume/index.html,134,html,e66ee1ee,AdaMo22805,2025-01-17,19:42:29,-08:00,2025-01-17T19:42:29-08:00,0,9
resume/index.html,135,html,e66ee1ee,AdaMo22805,2025-01-17,19:42:29,-08:00,2025-01-17T19:42:29-08:00,0,8
resume/index.html,136,html,e66ee1ee,AdaMo22805,2025-01-17,19:42:29,-08:00,2025-01-17T19:42:29-08:00,0,94
resume/index.html,137,html,e66ee1ee,AdaMo22805,2025-01-17,19:42:29,-08:00,2025-01-17T19:42:29-08:00,0,9
resume/index.html,138,html,e66ee1ee,AdaMo22805,2025-01-17,19:42:29,-08:00,2025-01-17T19:42:29-08:00,0,9
resume/index.html,139,html,e66ee1ee,AdaMo22805,2025-01-17,19:42:29,-08:00,2025-01-17T19:42:29-08:00,0,5
resume/index.html,140,html,9a6c555d,AdaMo22805,2025-01-10,18:44:32,-08:00,2025-01-10T18:44:32-08:00,0,6
resume/index.html,141,html,e66ee1ee,AdaMo22805,2025-01-17,19:42:29,-08:00,2025-01-17T19:42:29-08:00,0,6
projects/projects.js,1,js,a70f0ca7,AdaMo22805,2025-01-30,14:52:47,-08:00,2025-01-30T14:52:47-08:00,0,56
projects/projects.js,2,js,e65358c1,AdaMo22805,2025-02-05,22:03:56,-08:00,2025-02-05T22:03:56-08:00,0,64
projects/projects.js,3,js,a70f0ca7,AdaMo22805,2025-01-30,14:52:47,-08:00,2025-01-30T14:52:47-08:00,0,0
projects/projects.js,4,js,a70f0ca7,AdaMo22805,2025-01-30,14:52:47,-08:00,2025-01-30T14:52:47-08:00,0,56
projects/projects.js,5,js,a70f0ca7,AdaMo22805,2025-01-30,14:52:47,-08:00,2025-01-30T14:52:47-08:00,0,61
projects/projects.js,6,js,a70f0ca7,AdaMo22805,2025-01-30,14:52:47,-08:00,2025-01-30T14:52:47-08:00,0,26
projects/projects.js,7,js,a70f0ca7,AdaMo22805,2025-01-30,14:52:47,-08:00,2025-01-30T14:52:47-08:00,0,49
projects/projects.js,8,js,4a4422d9,AdaMo22805,2025-02-07,21:42:17,-08:00,2025-02-07T21:42:17-08:00,0,0
projects/projects.js,9,js,a70f0ca7,AdaMo22805,2025-01-30,14:52:47,-08:00,2025-01-30T14:52:47-08:00,0,55
projects/projects.js,10,js,e65358c1,AdaMo22805,2025-02-05,22:03:56,-08:00,2025-02-05T22:03:56-08:00,0,37
projects/projects.js,11,js,e65358c1,AdaMo22805,2025-02-05,22:03:56,-08:00,2025-02-05T22:03:56-08:00,0,0
projects/projects.js,12,js,4a4422d9,AdaMo22805,2025-02-07,21:42:17,-08:00,2025-02-07T21:42:17-08:00,0,59
projects/projects.js,13,js,4a4422d9,AdaMo22805,2025-02-07,21:42:17,-08:00,2025-02-07T21:42:17-08:00,0,0
projects/projects.js,14,js,4a4422d9,AdaMo22805,2025-02-07,21:42:17,-08:00,2025-02-07T21:42:17-08:00,0,22
projects/projects.js,15,js,4a4422d9,AdaMo22805,2025-02-07,21:42:17,-08:00,2025-02-07T21:42:17-08:00,0,14
projects/projects.js,16,js,4a4422d9,AdaMo22805,2025-02-07,21:42:17,-08:00,2025-02-07T21:42:17-08:00,0,23
projects/projects.js,17,js,4a4422d9,AdaMo22805,2025-02-07,21:42:17,-08:00,2025-02-07T21:42:17-08:00,0,0
projects/projects.js,18,js,4a4422d9,AdaMo22805,2025-02-07,21:42:17,-08:00,2025-02-07T21:42:17-08:00,0,71
projects/projects.js,19,js,4a4422d9,AdaMo22805,2025-02-07,21:42:17,-08:00,2025-02-07T21:42:17-08:00,0,50
projects/projects.js,20,js,4a4422d9,AdaMo22805,2025-02-07,21:42:17,-08:00,2025-02-07T21:42:17-08:00,0,96
projects/projects.js,21,js,4a4422d9,AdaMo22805,2025-02-07,21:42:17,-08:00,2025-02-07T21:42:17-08:00,0,80
projects/projects.js,22,js,4a4422d9,AdaMo22805,2025-02-07,21:42:17,-08:00,2025-02-07T21:42:17-08:00,0,34
projects/projects.js,23,js,4a4422d9,AdaMo22805,2025-02-07,21:42:17,-08:00,2025-02-07T21:42:17-08:00,0,2
projects/projects.js,24,js,4a4422d9,AdaMo22805,2025-02-07,21:42:17,-08:00,2025-02-07T21:42:17-08:00,0,0
projects/projects.js,25,js,4a4422d9,AdaMo22805,2025-02-07,21:42:17,-08:00,2025-02-07T21:42:17-08:00,0,32
projects/projects.js,26,js,4a4422d9,AdaMo22805,2025-02-07,21:42:17,-08:00,2025-02-07T21:42:17-08:00,0,57
projects/projects.js,27,js,4a4422d9,AdaMo22805,2025-02-07,21:42:17,-08:00,2025-02-07T21:42:17-08:00,0,14
projects/projects.js,28,js,4a4422d9,AdaMo22805,2025-02-07,21:42:17,-08:00,2025-02-07T21:42:17-08:00,0,32
projects/projects.js,29,js,4a4422d9,AdaMo22805,2025-02-07,21:42:17,-08:00,2025-02-07T21:42:17-08:00,0,0
projects/projects.js,30,js,4a4422d9,AdaMo22805,2025-02-07,21:42:17,-08:00,2025-02-07T21:42:17-08:00,0,0
projects/projects.js,31,js,e65358c1,AdaMo22805,2025-02-05,22:03:56,-08:00,2025-02-05T22:03:56-08:00,0,0
projects/projects.js,32,js,3819522c,AdaMo22805,2025-02-06,16:31:57,-08:00,2025-02-06T16:31:57-08:00,0,39
projects/projects.js,33,js,3819522c,AdaMo22805,2025-02-06,16:31:57,-08:00,2025-02-06T16:31:57-08:00,0,48
projects/projects.js,34,js,3819522c,AdaMo22805,2025-02-06,16:31:57,-08:00,2025-02-06T16:31:57-08:00,0,30
projects/projects.js,35,js,3819522c,AdaMo22805,2025-02-06,16:31:57,-08:00,2025-02-06T16:31:57-08:00,0,13
projects/projects.js,36,js,3819522c,AdaMo22805,2025-02-06,16:31:57,-08:00,2025-02-06T16:31:57-08:00,0,15
projects/projects.js,37,js,3819522c,AdaMo22805,2025-02-06,16:31:57,-08:00,2025-02-06T16:31:57-08:00,0,13
projects/projects.js,38,js,3819522c,AdaMo22805,2025-02-06,16:31:57,-08:00,2025-02-06T16:31:57-08:00,0,1
projects/projects.js,39,js,3819522c,AdaMo22805,2025-02-06,16:31:57,-08:00,2025-02-06T16:31:57-08:00,0,0
projects/projects.js,40,js,3819522c,AdaMo22805,2025-02-06,16:31:57,-08:00,2025-02-06T16:31:57-08:00,0,51
projects/projects.js,41,js,3819522c,AdaMo22805,2025-02-06,16:31:57,-08:00,2025-02-06T16:31:57-08:00,0,36
projects/projects.js,42,js,3819522c,AdaMo22805,2025-02-06,16:31:57,-08:00,2025-02-06T16:31:57-08:00,0,2
projects/projects.js,43,js,e65358c1,AdaMo22805,2025-02-05,22:03:56,-08:00,2025-02-05T22:03:56-08:00,0,0
projects/projects.js,44,js,3819522c,AdaMo22805,2025-02-06,16:31:57,-08:00,2025-02-06T16:31:57-08:00,0,54
projects/projects.js,45,js,3819522c,AdaMo22805,2025-02-06,16:31:57,-08:00,2025-02-06T16:31:57-08:00,0,43
projects/projects.js,46,js,e65358c1,AdaMo22805,2025-02-05,22:03:56,-08:00,2025-02-05T22:03:56-08:00,0,0
projects/projects.js,47,js,3819522c,AdaMo22805,2025-02-06,16:31:57,-08:00,2025-02-06T16:31:57-08:00,0,52
projects/projects.js,48,js,3819522c,AdaMo22805,2025-02-06,16:31:57,-08:00,2025-02-06T16:31:57-08:00,0,0
projects/projects.js,49,js,3819522c,AdaMo22805,2025-02-06,16:31:57,-08:00,2025-02-06T16:31:57-08:00,0,29
projects/projects.js,50,js,3819522c,AdaMo22805,2025-02-06,16:31:57,-08:00,2025-02-06T16:31:57-08:00,0,33
projects/projects.js,51,js,3819522c,AdaMo22805,2025-02-06,16:31:57,-08:00,2025-02-06T16:31:57-08:00,0,0
projects/projects.js,52,js,8f9182c2,AdaMo22805,2025-02-06,20:52:50,-08:00,2025-02-06T20:52:50-08:00,0,27
projects/projects.js,53,js,8f9182c2,AdaMo22805,2025-02-06,20:52:50,-08:00,2025-02-06T20:52:50-08:00,0,1
projects/projects.js,54,js,8f9182c2,AdaMo22805,2025-02-06,20:52:50,-08:00,2025-02-06T20:52:50-08:00,0,13
projects/projects.js,55,js,8f9182c2,AdaMo22805,2025-02-06,20:52:50,-08:00,2025-02-06T20:52:50-08:00,0,14
projects/projects.js,56,js,8f9182c2,AdaMo22805,2025-02-06,20:52:50,-08:00,2025-02-06T20:52:50-08:00,0,14
projects/projects.js,57,js,8f9182c2,AdaMo22805,2025-02-06,20:52:50,-08:00,2025-02-06T20:52:50-08:00,0,23
projects/projects.js,58,js,8f9182c2,AdaMo22805,2025-02-06,20:52:50,-08:00,2025-02-06T20:52:50-08:00,0,19
projects/projects.js,59,js,4a4422d9,AdaMo22805,2025-02-07,21:42:17,-08:00,2025-02-07T21:42:17-08:00,0,44
projects/projects.js,60,js,4a4422d9,AdaMo22805,2025-02-07,21:42:17,-08:00,2025-02-07T21:42:17-08:00,0,76
projects/projects.js,61,js,4a4422d9,AdaMo22805,2025-02-07,21:42:17,-08:00,2025-02-07T21:42:17-08:00,0,0
projects/projects.js,62,js,4a4422d9,AdaMo22805,2025-02-07,21:42:17,-08:00,2025-02-07T21:42:17-08:00,0,5
projects/projects.js,63,js,4a4422d9,AdaMo22805,2025-02-07,21:42:17,-08:00,2025-02-07T21:42:17-08:00,0,17
projects/projects.js,64,js,4a4422d9,AdaMo22805,2025-02-07,21:42:17,-08:00,2025-02-07T21:42:17-08:00,0,25
projects/projects.js,65,js,4a4422d9,AdaMo22805,2025-02-07,21:42:17,-08:00,2025-02-07T21:42:17-08:00,0,36
projects/projects.js,66,js,8f9182c2,AdaMo22805,2025-02-06,20:52:50,-08:00,2025-02-06T20:52:50-08:00,0,2
projects/projects.js,67,js,4a4422d9,AdaMo22805,2025-02-07,21:42:17,-08:00,2025-02-07T21:42:17-08:00,0,5
projects/projects.js,68,js,4a4422d9,AdaMo22805,2025-02-07,21:42:17,-08:00,2025-02-07T21:42:17-08:00,0,15
projects/projects.js,69,js,4a4422d9,AdaMo22805,2025-02-07,21:42:17,-08:00,2025-02-07T21:42:17-08:00,0,27
projects/projects.js,70,js,4a4422d9,AdaMo22805,2025-02-07,21:42:17,-08:00,2025-02-07T21:42:17-08:00,0,51
projects/projects.js,71,js,4a4422d9,AdaMo22805,2025-02-07,21:42:17,-08:00,2025-02-07T21:42:17-08:00,0,2
projects/projects.js,72,js,4a4422d9,AdaMo22805,2025-02-07,21:42:17,-08:00,2025-02-07T21:42:17-08:00,0,26
projects/projects.js,73,js,4a4422d9,AdaMo22805,2025-02-07,21:42:17,-08:00,2025-02-07T21:42:17-08:00,0,52
projects/projects.js,74,js,4a4422d9,AdaMo22805,2025-02-07,21:42:17,-08:00,2025-02-07T21:42:17-08:00,0,38
projects/projects.js,75,js,4a4422d9,AdaMo22805,2025-02-07,21:42:17,-08:00,2025-02-07T21:42:17-08:00,0,7
projects/projects.js,76,js,4a4422d9,AdaMo22805,2025-02-07,21:42:17,-08:00,2025-02-07T21:42:17-08:00,0,37
projects/projects.js,77,js,4a4422d9,AdaMo22805,2025-02-07,21:42:17,-08:00,2025-02-07T21:42:17-08:00,0,95
projects/projects.js,78,js,4a4422d9,AdaMo22805,2025-02-07,21:42:17,-08:00,2025-02-07T21:42:17-08:00,0,60
projects/projects.js,79,js,4a4422d9,AdaMo22805,2025-02-07,21:42:17,-08:00,2025-02-07T21:42:17-08:00,0,0
projects/projects.js,80,js,4a4422d9,AdaMo22805,2025-02-07,21:42:17,-08:00,2025-02-07T21:42:17-08:00,0,0
projects/projects.js,81,js,4a4422d9,AdaMo22805,2025-02-07,21:42:17,-08:00,2025-02-07T21:42:17-08:00,0,36
projects/projects.js,82,js,4a4422d9,AdaMo22805,2025-02-07,21:42:17,-08:00,2025-02-07T21:42:17-08:00,0,3
projects/projects.js,83,js,3819522c,AdaMo22805,2025-02-06,16:31:57,-08:00,2025-02-06T16:31:57-08:00,0,2
projects/projects.js,84,js,3819522c,AdaMo22805,2025-02-06,16:31:57,-08:00,2025-02-06T16:31:57-08:00,0,0
projects/projects.js,85,js,3819522c,AdaMo22805,2025-02-06,16:31:57,-08:00,2025-02-06T16:31:57-08:00,0,33
projects/projects.js,86,js,4a4422d9,AdaMo22805,2025-02-07,21:42:17,-08:00,2025-02-07T21:42:17-08:00,0,31
projects/projects.js,87,js,4a4422d9,AdaMo22805,2025-02-07,21:42:17,-08:00,2025-02-07T21:42:17-08:00,0,0
projects/projects.js,88,js,3819522c,AdaMo22805,2025-02-06,16:31:57,-08:00,2025-02-06T16:31:57-08:00,0,28
projects/projects.js,89,js,3819522c,AdaMo22805,2025-02-06,16:31:57,-08:00,2025-02-06T16:31:57-08:00,0,18
projects/projects.js,90,js,3819522c,AdaMo22805,2025-02-06,16:31:57,-08:00,2025-02-06T16:31:57-08:00,0,23
projects/projects.js,91,js,3819522c,AdaMo22805,2025-02-06,16:31:57,-08:00,2025-02-06T16:31:57-08:00,0,94
projects/projects.js,92,js,3819522c,AdaMo22805,2025-02-06,16:31:57,-08:00,2025-02-06T16:31:57-08:00,0,100
projects/projects.js,93,js,3819522c,AdaMo22805,2025-02-06,16:31:57,-08:00,2025-02-06T16:31:57-08:00,0,1
projects/projects.js,94,js,3819522c,AdaMo22805,2025-02-06,16:31:57,-08:00,2025-02-06T16:31:57-08:00,0,0
projects/projects.js,95,js,3819522c,AdaMo22805,2025-02-06,16:31:57,-08:00,2025-02-06T16:31:57-08:00,0,24
projects/projects.js,96,js,e65358c1,AdaMo22805,2025-02-05,22:03:56,-08:00,2025-02-05T22:03:56-08:00,0,0
projects/projects.js,97,js,b48d1874,AdaMo22805,2025-02-06,14:42:29,-08:00,2025-02-06T14:42:29-08:00,0,54
projects/projects.js,98,js,3819522c,AdaMo22805,2025-02-06,16:31:57,-08:00,2025-02-06T16:31:57-08:00,0,0
projects/projects.js,99,js,3819522c,AdaMo22805,2025-02-06,16:31:57,-08:00,2025-02-06T16:31:57-08:00,0,49
projects/projects.js,100,js,b48d1874,AdaMo22805,2025-02-06,14:42:29,-08:00,2025-02-06T14:42:29-08:00,0,20
projects/projects.js,101,js,b48d1874,AdaMo22805,2025-02-06,14:42:29,-08:00,2025-02-06T14:42:29-08:00,0,26
projects/projects.js,102,js,4a4422d9,AdaMo22805,2025-02-07,21:42:17,-08:00,2025-02-07T21:42:17-08:00,0,20
projects/projects.js,103,js,4a4422d9,AdaMo22805,2025-02-07,21:42:17,-08:00,2025-02-07T21:42:17-08:00,0,2
projects/index.html,1,html,26d914df,AdaMo22805,2025-01-09,18:13:14,-08:00,2025-01-09T18:13:14-08:00,0,14
projects/index.html,2,html,26d914df,AdaMo22805,2025-01-09,18:13:14,-08:00,2025-01-09T18:13:14-08:00,0,15
projects/index.html,3,html,26d914df,AdaMo22805,2025-01-09,18:13:14,-08:00,2025-01-09T18:13:14-08:00,0,5
projects/index.html,4,html,26d914df,AdaMo22805,2025-01-09,18:13:14,-08:00,2025-01-09T18:13:14-08:00,0,21
projects/index.html,5,html,26d914df,AdaMo22805,2025-01-09,18:13:14,-08:00,2025-01-09T18:13:14-08:00,0,69
projects/index.html,6,html,26d914df,AdaMo22805,2025-01-09,18:13:14,-08:00,2025-01-09T18:13:14-08:00,0,25
projects/index.html,7,html,99f13bf0,AdaMo22805,2025-01-15,23:40:27,-08:00,2025-01-15T23:40:27-08:00,0,42
projects/index.html,8,html,3ee00360,AdaMo22805,2025-01-22,16:17:05,-08:00,2025-01-22T16:17:05-08:00,0,49
projects/index.html,9,html,26d914df,AdaMo22805,2025-01-09,18:13:14,-08:00,2025-01-09T18:13:14-08:00,0,6
projects/index.html,10,html,26d914df,AdaMo22805,2025-01-09,18:13:14,-08:00,2025-01-09T18:13:14-08:00,0,5
projects/index.html,11,html,3ee00360,AdaMo22805,2025-01-22,16:17:05,-08:00,2025-01-22T16:17:05-08:00,0,9
projects/index.html,12,html,99f13bf0,AdaMo22805,2025-01-15,23:40:27,-08:00,2025-01-15T23:40:27-08:00,0,31
projects/index.html,13,html,3ee00360,AdaMo22805,2025-01-22,16:17:05,-08:00,2025-01-22T16:17:05-08:00,0,44
projects/index.html,14,html,99f13bf0,AdaMo22805,2025-01-15,23:40:27,-08:00,2025-01-15T23:40:27-08:00,0,42
projects/index.html,15,html,99f13bf0,AdaMo22805,2025-01-15,23:40:27,-08:00,2025-01-15T23:40:27-08:00,0,34
projects/index.html,16,html,9a6c555d,AdaMo22805,2025-01-10,18:44:32,-08:00,2025-01-10T18:44:32-08:00,0,73
projects/index.html,17,html,3ee00360,AdaMo22805,2025-01-22,16:17:05,-08:00,2025-01-22T16:17:05-08:00,0,9
projects/index.html,18,html,9a6c555d,AdaMo22805,2025-01-10,18:44:32,-08:00,2025-01-10T18:44:32-08:00,0,0
projects/index.html,19,html,a70f0ca7,AdaMo22805,2025-01-30,14:52:47,-08:00,2025-01-30T14:52:47-08:00,0,42
projects/index.html,20,html,e65358c1,AdaMo22805,2025-02-05,22:03:56,-08:00,2025-02-05T22:03:56-08:00,0,0
projects/index.html,21,html,669e6037,AdaMo22805,2025-02-05,23:21:25,-08:00,2025-02-05T23:21:25-08:00,0,22
projects/index.html,22,html,669e6037,AdaMo22805,2025-02-05,23:21:25,-08:00,2025-02-05T23:21:25-08:00,0,53
projects/index.html,23,html,669e6037,AdaMo22805,2025-02-05,23:21:25,-08:00,2025-02-05T23:21:25-08:00,0,78
projects/index.html,24,html,669e6037,AdaMo22805,2025-02-05,23:21:25,-08:00,2025-02-05T23:21:25-08:00,0,5
projects/index.html,25,html,669e6037,AdaMo22805,2025-02-05,23:21:25,-08:00,2025-02-05T23:21:25-08:00,0,0
projects/index.html,26,html,669e6037,AdaMo22805,2025-02-05,23:21:25,-08:00,2025-02-05T23:21:25-08:00,0,18
projects/index.html,27,html,669e6037,AdaMo22805,2025-02-05,23:21:25,-08:00,2025-02-05T23:21:25-08:00,0,4
projects/index.html,28,html,669e6037,AdaMo22805,2025-02-05,23:21:25,-08:00,2025-02-05T23:21:25-08:00,0,5
projects/index.html,29,html,669e6037,AdaMo22805,2025-02-05,23:21:25,-08:00,2025-02-05T23:21:25-08:00,0,0
projects/index.html,30,html,b48d1874,AdaMo22805,2025-02-06,14:42:29,-08:00,2025-02-06T14:42:29-08:00,0,5
projects/index.html,31,html,b48d1874,AdaMo22805,2025-02-06,14:42:29,-08:00,2025-02-06T14:42:29-08:00,0,16
projects/index.html,32,html,b48d1874,AdaMo22805,2025-02-06,14:42:29,-08:00,2025-02-06T14:42:29-08:00,0,12
projects/index.html,33,html,b48d1874,AdaMo22805,2025-02-06,14:42:29,-08:00,2025-02-06T14:42:29-08:00,0,27
projects/index.html,34,html,3819522c,AdaMo22805,2025-02-06,16:31:57,-08:00,2025-02-06T16:31:57-08:00,0,32
projects/index.html,35,html,b48d1874,AdaMo22805,2025-02-06,14:42:29,-08:00,2025-02-06T14:42:29-08:00,0,1
projects/index.html,36,html,e65358c1,AdaMo22805,2025-02-05,22:03:56,-08:00,2025-02-05T22:03:56-08:00,0,0
projects/index.html,37,html,7189f169,AdaMo22805,2025-01-16,17:33:51,-08:00,2025-01-16T17:33:51-08:00,0,21
projects/index.html,38,html,a70f0ca7,AdaMo22805,2025-01-30,14:52:47,-08:00,2025-01-30T14:52:47-08:00,0,49
projects/index.html,39,html,a70f0ca7,AdaMo22805,2025-01-30,14:52:47,-08:00,2025-01-30T14:52:47-08:00,0,48
projects/index.html,40,html,a70f0ca7,AdaMo22805,2025-01-30,14:52:47,-08:00,2025-01-30T14:52:47-08:00,0,13
projects/index.html,41,html,7189f169,AdaMo22805,2025-01-16,17:33:51,-08:00,2025-01-16T17:33:51-08:00,0,30
projects/index.html,42,html,7189f169,AdaMo22805,2025-01-16,17:33:51,-08:00,2025-01-16T17:33:51-08:00,0,71
projects/index.html,43,html,7189f169,AdaMo22805,2025-01-16,17:33:51,-08:00,2025-01-16T17:33:51-08:00,0,208
projects/index.html,44,html,a70f0ca7,AdaMo22805,2025-01-30,14:52:47,-08:00,2025-01-30T14:52:47-08:00,0,13
projects/index.html,45,html,7189f169,AdaMo22805,2025-01-16,17:33:51,-08:00,2025-01-16T17:33:51-08:00,0,5
projects/index.html,46,html,9a6c555d,AdaMo22805,2025-01-10,18:44:32,-08:00,2025-01-10T18:44:32-08:00,0,0
projects/index.html,47,html,26d914df,AdaMo22805,2025-01-09,18:13:14,-08:00,2025-01-09T18:13:14-08:00,0,6
projects/index.html,48,html,26d914df,AdaMo22805,2025-01-09,18:13:14,-08:00,2025-01-09T18:13:14-08:00,0,6
meta/main.js,1,js,d5765a30,AdaMo22805,2025-02-12,10:42:51,-08:00,2025-02-12T10:42:51-08:00,0,13
meta/main.js,2,js,4717e1e9,AdaMo22805,2025-02-12,23:30:46,-08:00,2025-02-12T23:30:46-08:00,0,16
meta/main.js,3,js,2c22cde0,AdaMo22805,2025-02-12,10:52:57,-08:00,2025-02-12T10:52:57-08:00,0,0
meta/main.js,4,js,d5765a30,AdaMo22805,2025-02-12,10:42:51,-08:00,2025-02-12T10:42:51-08:00,0,26
meta/main.js,5,js,a9f27e97,AdaMo22805,2025-02-12,10:49:09,-08:00,2025-02-12T10:49:09-08:00,0,41
meta/main.js,6,js,a9f27e97,AdaMo22805,2025-02-12,10:49:09,-08:00,2025-02-12T10:49:09-08:00,0,6
meta/main.js,7,js,a9f27e97,AdaMo22805,2025-02-12,10:49:09,-08:00,2025-02-12T10:49:09-08:00,0,43
meta/main.js,8,js,a9f27e97,AdaMo22805,2025-02-12,10:49:09,-08:00,2025-02-12T10:49:09-08:00,0,24
meta/main.js,9,js,a9f27e97,AdaMo22805,2025-02-12,10:49:09,-08:00,2025-02-12T10:49:09-08:00,0,26
meta/main.js,10,js,a9f27e97,AdaMo22805,2025-02-12,10:49:09,-08:00,2025-02-12T10:49:09-08:00,0,50
meta/main.js,11,js,a9f27e97,AdaMo22805,2025-02-12,10:49:09,-08:00,2025-02-12T10:49:09-08:00,0,32
meta/main.js,12,js,a9f27e97,AdaMo22805,2025-02-12,10:49:09,-08:00,2025-02-12T10:49:09-08:00,0,3
meta/main.js,13,js,4717e1e9,AdaMo22805,2025-02-12,23:30:46,-08:00,2025-02-12T23:30:46-08:00,0,14
meta/main.js,14,js,d5765a30,AdaMo22805,2025-02-12,10:42:51,-08:00,2025-02-12T10:42:51-08:00,0,0
meta/main.js,15,js,d5765a30,AdaMo22805,2025-02-12,10:42:51,-08:00,2025-02-12T10:42:51-08:00,0,0
meta/main.js,16,js,d5765a30,AdaMo22805,2025-02-12,10:42:51,-08:00,2025-02-12T10:42:51-08:00,0,58
meta/main.js,17,js,d5765a30,AdaMo22805,2025-02-12,10:42:51,-08:00,2025-02-12T10:42:51-08:00,0,16
meta/main.js,18,js,4717e1e9,AdaMo22805,2025-02-12,23:30:46,-08:00,2025-02-12T23:30:46-08:00,0,2
meta/main.js,19,js,4717e1e9,AdaMo22805,2025-02-12,23:30:46,-08:00,2025-02-12T23:30:46-08:00,0,0
meta/main.js,20,js,4717e1e9,AdaMo22805,2025-02-12,23:30:46,-08:00,2025-02-12T23:30:46-08:00,0,49
meta/main.js,21,js,4717e1e9,AdaMo22805,2025-02-12,23:30:46,-08:00,2025-02-12T23:30:46-08:00,0,22
meta/main.js,22,js,4717e1e9,AdaMo22805,2025-02-12,23:30:46,-08:00,2025-02-12T23:30:46-08:00,0,0
meta/main.js,23,js,4717e1e9,AdaMo22805,2025-02-12,23:30:46,-08:00,2025-02-12T23:30:46-08:00,0,26
meta/main.js,24,js,4717e1e9,AdaMo22805,2025-02-12,23:30:46,-08:00,2025-02-12T23:30:46-08:00,0,11
meta/main.js,25,js,4717e1e9,AdaMo22805,2025-02-12,23:30:46,-08:00,2025-02-12T23:30:46-08:00,0,29
meta/main.js,26,js,4717e1e9,AdaMo22805,2025-02-12,23:30:46,-08:00,2025-02-12T23:30:46-08:00,0,26
meta/main.js,27,js,4717e1e9,AdaMo22805,2025-02-12,23:30:46,-08:00,2025-02-12T23:30:46-08:00,0,63
meta/main.js,28,js,4717e1e9,AdaMo22805,2025-02-12,23:30:46,-08:00,2025-02-12T23:30:46-08:00,0,56
meta/main.js,29,js,4717e1e9,AdaMo22805,2025-02-12,23:30:46,-08:00,2025-02-12T23:30:46-08:00,0,52
meta/main.js,30,js,4717e1e9,AdaMo22805,2025-02-12,23:30:46,-08:00,2025-02-12T23:30:46-08:00,0,20
meta/main.js,31,js,4717e1e9,AdaMo22805,2025-02-12,23:30:46,-08:00,2025-02-12T23:30:46-08:00,0,57
meta/main.js,32,js,4717e1e9,AdaMo22805,2025-02-12,23:30:46,-08:00,2025-02-12T23:30:46-08:00,0,54
meta/main.js,33,js,4717e1e9,AdaMo22805,2025-02-12,23:30:46,-08:00,2025-02-12T23:30:46-08:00,0,0
meta/main.js,34,js,4717e1e9,AdaMo22805,2025-02-12,23:30:46,-08:00,2025-02-12T23:30:46-08:00,0,0
meta/main.js,35,js,4717e1e9,AdaMo22805,2025-02-12,23:30:46,-08:00,2025-02-12T23:30:46-08:00,0,54
meta/main.js,36,js,4717e1e9,AdaMo22805,2025-02-12,23:30:46,-08:00,2025-02-12T23:30:46-08:00,0,10
meta/main.js,37,js,4717e1e9,AdaMo22805,2025-02-12,23:30:46,-08:00,2025-02-12T23:30:46-08:00,0,10
meta/main.js,38,js,4717e1e9,AdaMo22805,2025-02-12,23:30:46,-08:00,2025-02-12T23:30:46-08:00,0,63
meta/main.js,39,js,4717e1e9,AdaMo22805,2025-02-12,23:30:46,-08:00,2025-02-12T23:30:46-08:00,0,6
meta/main.js,40,js,4717e1e9,AdaMo22805,2025-02-12,23:30:46,-08:00,2025-02-12T23:30:46-08:00,0,4
meta/main.js,41,js,4717e1e9,AdaMo22805,2025-02-12,23:30:46,-08:00,2025-02-12T23:30:46-08:00,0,4
meta/main.js,42,js,4717e1e9,AdaMo22805,2025-02-12,23:30:46,-08:00,2025-02-12T23:30:46-08:00,0,8
meta/main.js,43,js,4717e1e9,AdaMo22805,2025-02-12,23:30:46,-08:00,2025-02-12T23:30:46-08:00,0,8
meta/main.js,44,js,4717e1e9,AdaMo22805,2025-02-12,23:30:46,-08:00,2025-02-12T23:30:46-08:00,0,47
meta/main.js,45,js,4717e1e9,AdaMo22805,2025-02-12,23:30:46,-08:00,2025-02-12T23:30:46-08:00,0,22
meta/main.js,46,js,4717e1e9,AdaMo22805,2025-02-12,23:30:46,-08:00,2025-02-12T23:30:46-08:00,0,58
meta/main.js,47,js,4717e1e9,AdaMo22805,2025-02-12,23:30:46,-08:00,2025-02-12T23:30:46-08:00,0,31
meta/main.js,48,js,4717e1e9,AdaMo22805,2025-02-12,23:30:46,-08:00,2025-02-12T23:30:46-08:00,0,24
meta/main.js,49,js,4717e1e9,AdaMo22805,2025-02-12,23:30:46,-08:00,2025-02-12T23:30:46-08:00,0,1
meta/main.js,50,js,4717e1e9,AdaMo22805,2025-02-12,23:30:46,-08:00,2025-02-12T23:30:46-08:00,0,0
meta/main.js,51,js,4717e1e9,AdaMo22805,2025-02-12,23:30:46,-08:00,2025-02-12T23:30:46-08:00,0,36
meta/main.js,52,js,4717e1e9,AdaMo22805,2025-02-12,23:30:46,-08:00,2025-02-12T23:30:46-08:00,0,12
meta/main.js,53,js,4717e1e9,AdaMo22805,2025-02-12,23:30:46,-08:00,2025-02-12T23:30:46-08:00,0,53
meta/main.js,54,js,4717e1e9,AdaMo22805,2025-02-12,23:30:46,-08:00,2025-02-12T23:30:46-08:00,0,41
meta/main.js,55,js,4717e1e9,AdaMo22805,2025-02-12,23:30:46,-08:00,2025-02-12T23:30:46-08:00,0,46
meta/main.js,56,js,4717e1e9,AdaMo22805,2025-02-12,23:30:46,-08:00,2025-02-12T23:30:46-08:00,0,2
meta/main.js,57,js,4717e1e9,AdaMo22805,2025-02-12,23:30:46,-08:00,2025-02-12T23:30:46-08:00,0,0
meta/main.js,58,js,4717e1e9,AdaMo22805,2025-02-12,23:30:46,-08:00,2025-02-12T23:30:46-08:00,0,10
meta/main.js,59,js,4717e1e9,AdaMo22805,2025-02-12,23:30:46,-08:00,2025-02-12T23:30:46-08:00,0,2
meta/main.js,60,js,4717e1e9,AdaMo22805,2025-02-12,23:30:46,-08:00,2025-02-12T23:30:46-08:00,0,0
meta/main.js,61,js,4717e1e9,AdaMo22805,2025-02-12,23:30:46,-08:00,2025-02-12T23:30:46-08:00,0,0
meta/main.js,62,js,4717e1e9,AdaMo22805,2025-02-12,23:30:46,-08:00,2025-02-12T23:30:46-08:00,0,24
meta/main.js,63,js,4717e1e9,AdaMo22805,2025-02-12,23:30:46,-08:00,2025-02-12T23:30:46-08:00,0,23
meta/main.js,64,js,4717e1e9,AdaMo22805,2025-02-12,23:30:46,-08:00,2025-02-12T23:30:46-08:00,0,16
meta/main.js,65,js,4717e1e9,AdaMo22805,2025-02-12,23:30:46,-08:00,2025-02-12T23:30:46-08:00,0,0
meta/main.js,66,js,4717e1e9,AdaMo22805,2025-02-12,23:30:46,-08:00,2025-02-12T23:30:46-08:00,0,23
meta/main.js,67,js,4717e1e9,AdaMo22805,2025-02-12,23:30:46,-08:00,2025-02-12T23:30:46-08:00,0,66
meta/main.js,68,js,4717e1e9,AdaMo22805,2025-02-12,23:30:46,-08:00,2025-02-12T23:30:46-08:00,0,0
meta/main.js,69,js,4717e1e9,AdaMo22805,2025-02-12,23:30:46,-08:00,2025-02-12T23:30:46-08:00,0,19
meta/main.js,70,js,4717e1e9,AdaMo22805,2025-02-12,23:30:46,-08:00,2025-02-12T23:30:46-08:00,0,37
meta/main.js,71,js,4717e1e9,AdaMo22805,2025-02-12,23:30:46,-08:00,2025-02-12T23:30:46-08:00,0,36
meta/main.js,72,js,4717e1e9,AdaMo22805,2025-02-12,23:30:46,-08:00,2025-02-12T23:30:46-08:00,0,0
meta/main.js,73,js,4717e1e9,AdaMo22805,2025-02-12,23:30:46,-08:00,2025-02-12T23:30:46-08:00,0,15
meta/main.js,74,js,4717e1e9,AdaMo22805,2025-02-12,23:30:46,-08:00,2025-02-12T23:30:46-08:00,0,68
meta/main.js,75,js,4717e1e9,AdaMo22805,2025-02-12,23:30:46,-08:00,2025-02-12T23:30:46-08:00,0,33
meta/main.js,76,js,4717e1e9,AdaMo22805,2025-02-12,23:30:46,-08:00,2025-02-12T23:30:46-08:00,0,0
meta/main.js,77,js,4717e1e9,AdaMo22805,2025-02-12,23:30:46,-08:00,2025-02-12T23:30:46-08:00,0,23
meta/main.js,78,js,4717e1e9,AdaMo22805,2025-02-12,23:30:46,-08:00,2025-02-12T23:30:46-08:00,0,33
meta/main.js,79,js,4717e1e9,AdaMo22805,2025-02-12,23:30:46,-08:00,2025-02-12T23:30:46-08:00,0,58
meta/main.js,80,js,4717e1e9,AdaMo22805,2025-02-12,23:30:46,-08:00,2025-02-12T23:30:46-08:00,0,0
meta/main.js,81,js,4717e1e9,AdaMo22805,2025-02-12,23:30:46,-08:00,2025-02-12T23:30:46-08:00,0,23
meta/main.js,82,js,4717e1e9,AdaMo22805,2025-02-12,23:30:46,-08:00,2025-02-12T23:30:46-08:00,0,54
meta/main.js,83,js,4717e1e9,AdaMo22805,2025-02-12,23:30:46,-08:00,2025-02-12T23:30:46-08:00,0,36
meta/main.js,84,js,4717e1e9,AdaMo22805,2025-02-12,23:30:46,-08:00,2025-02-12T23:30:46-08:00,0,31
meta/main.js,85,js,4717e1e9,AdaMo22805,2025-02-12,23:30:46,-08:00,2025-02-12T23:30:46-08:00,0,32
meta/main.js,86,js,4717e1e9,AdaMo22805,2025-02-12,23:30:46,-08:00,2025-02-12T23:30:46-08:00,0,0
meta/main.js,87,js,4717e1e9,AdaMo22805,2025-02-12,23:30:46,-08:00,2025-02-12T23:30:46-08:00,0,33
meta/main.js,88,js,4717e1e9,AdaMo22805,2025-02-12,23:30:46,-08:00,2025-02-12T23:30:46-08:00,0,25
meta/main.js,89,js,4717e1e9,AdaMo22805,2025-02-12,23:30:46,-08:00,2025-02-12T23:30:46-08:00,0,7
meta/main.js,90,js,4717e1e9,AdaMo22805,2025-02-12,23:30:46,-08:00,2025-02-12T23:30:46-08:00,0,36
meta/main.js,91,js,4717e1e9,AdaMo22805,2025-02-12,23:30:46,-08:00,2025-02-12T23:30:46-08:00,0,54
meta/main.js,92,js,4717e1e9,AdaMo22805,2025-02-12,23:30:46,-08:00,2025-02-12T23:30:46-08:00,0,1
meta/main.js,93,js,4717e1e9,AdaMo22805,2025-02-12,23:30:46,-08:00,2025-02-12T23:30:46-08:00,0,0
meta/main.js,94,js,4717e1e9,AdaMo22805,2025-02-12,23:30:46,-08:00,2025-02-12T23:30:46-08:00,0,26
meta/main.js,95,js,4717e1e9,AdaMo22805,2025-02-12,23:30:46,-08:00,2025-02-12T23:30:46-08:00,0,87
meta/main.js,96,js,4717e1e9,AdaMo22805,2025-02-12,23:30:46,-08:00,2025-02-12T23:30:46-08:00,0,0
meta/main.js,97,js,4717e1e9,AdaMo22805,2025-02-12,23:30:46,-08:00,2025-02-12T23:30:46-08:00,0,27
meta/main.js,98,js,4717e1e9,AdaMo22805,2025-02-12,23:30:46,-08:00,2025-02-12T23:30:46-08:00,0,71
meta/main.js,99,js,4717e1e9,AdaMo22805,2025-02-12,23:30:46,-08:00,2025-02-12T23:30:46-08:00,0,47
meta/main.js,100,js,4717e1e9,AdaMo22805,2025-02-12,23:30:46,-08:00,2025-02-12T23:30:46-08:00,0,0
meta/main.js,101,js,4717e1e9,AdaMo22805,2025-02-12,23:30:46,-08:00,2025-02-12T23:30:46-08:00,0,39
meta/main.js,102,js,4717e1e9,AdaMo22805,2025-02-12,23:30:46,-08:00,2025-02-12T23:30:46-08:00,0,39
meta/main.js,103,js,4717e1e9,AdaMo22805,2025-02-12,23:30:46,-08:00,2025-02-12T23:30:46-08:00,0,0
meta/index.html,1,html,c1fbd521,AdaMo22805,2025-02-12,09:06:17,-08:00,2025-02-12T09:06:17-08:00,0,14
meta/index.html,2,html,c1fbd521,AdaMo22805,2025-02-12,09:06:17,-08:00,2025-02-12T09:06:17-08:00,0,15
meta/index.html,3,html,c1fbd521,AdaMo22805,2025-02-12,09:06:17,-08:00,2025-02-12T09:06:17-08:00,0,5
meta/index.html,4,html,c1fbd521,AdaMo22805,2025-02-12,09:06:17,-08:00,2025-02-12T09:06:17-08:00,0,21
meta/index.html,5,html,c1fbd521,AdaMo22805,2025-02-12,09:06:17,-08:00,2025-02-12T09:06:17-08:00,0,69
meta/index.html,6,html,c1fbd521,AdaMo22805,2025-02-12,09:06:17,-08:00,2025-02-12T09:06:17-08:00,0,23
meta/index.html,7,html,692141aa,AdaMo22805,2025-02-12,09:31:28,-08:00,2025-02-12T09:31:28-08:00,0,42
meta/index.html,8,html,692141aa,AdaMo22805,2025-02-12,09:31:28,-08:00,2025-02-12T09:31:28-08:00,0,49
meta/index.html,9,html,1fc20262,AdaMo22805,2025-02-12,10:47:44,-08:00,2025-02-12T10:47:44-08:00,0,46
meta/index.html,10,html,9c04aed6,AdaMo22805,2025-02-12,10:49:58,-08:00,2025-02-12T10:49:58-08:00,0,52
meta/index.html,11,html,1fc20262,AdaMo22805,2025-02-12,10:47:44,-08:00,2025-02-12T10:47:44-08:00,0,0
meta/index.html,12,html,c1fbd521,AdaMo22805,2025-02-12,09:06:17,-08:00,2025-02-12T09:06:17-08:00,0,6
meta/index.html,13,html,c1fbd521,AdaMo22805,2025-02-12,09:06:17,-08:00,2025-02-12T09:06:17-08:00,0,5
meta/index.html,14,html,c1fbd521,AdaMo22805,2025-02-12,09:06:17,-08:00,2025-02-12T09:06:17-08:00,0,12
meta/index.html,15,html,c1fbd521,AdaMo22805,2025-02-12,09:06:17,-08:00,2025-02-12T09:06:17-08:00,0,46
meta/index.html,16,html,1fc20262,AdaMo22805,2025-02-12,10:47:44,-08:00,2025-02-12T10:47:44-08:00,0,0
meta/index.html,17,html,4717e1e9,AdaMo22805,2025-02-12,23:30:46,-08:00,2025-02-12T23:30:46-08:00,0,27
meta/index.html,18,html,4717e1e9,AdaMo22805,2025-02-12,23:30:46,-08:00,2025-02-12T23:30:46-08:00,0,50
meta/index.html,19,html,4717e1e9,AdaMo22805,2025-02-12,23:30:46,-08:00,2025-02-12T23:30:46-08:00,0,5
meta/index.html,20,html,4717e1e9,AdaMo22805,2025-02-12,23:30:46,-08:00,2025-02-12T23:30:46-08:00,0,0
meta/index.html,21,html,4717e1e9,AdaMo22805,2025-02-12,23:30:46,-08:00,2025-02-12T23:30:46-08:00,0,0
meta/index.html,22,html,c1fbd521,AdaMo22805,2025-02-12,09:06:17,-08:00,2025-02-12T09:06:17-08:00,0,6
meta/index.html,23,html,c1fbd521,AdaMo22805,2025-02-12,09:06:17,-08:00,2025-02-12T09:06:17-08:00,0,6
contact/index.html,1,html,26d914df,AdaMo22805,2025-01-09,18:13:14,-08:00,2025-01-09T18:13:14-08:00,0,14
contact/index.html,2,html,26d914df,AdaMo22805,2025-01-09,18:13:14,-08:00,2025-01-09T18:13:14-08:00,0,15
contact/index.html,3,html,26d914df,AdaMo22805,2025-01-09,18:13:14,-08:00,2025-01-09T18:13:14-08:00,0,5
contact/index.html,4,html,26d914df,AdaMo22805,2025-01-09,18:13:14,-08:00,2025-01-09T18:13:14-08:00,0,21
contact/index.html,5,html,26d914df,AdaMo22805,2025-01-09,18:13:14,-08:00,2025-01-09T18:13:14-08:00,0,69
contact/index.html,6,html,26d914df,AdaMo22805,2025-01-09,18:13:14,-08:00,2025-01-09T18:13:14-08:00,0,22
contact/index.html,7,html,99f13bf0,AdaMo22805,2025-01-15,23:40:27,-08:00,2025-01-15T23:40:27-08:00,0,42
contact/index.html,8,html,3ee00360,AdaMo22805,2025-01-22,16:17:05,-08:00,2025-01-22T16:17:05-08:00,0,49
contact/index.html,9,html,26d914df,AdaMo22805,2025-01-09,18:13:14,-08:00,2025-01-09T18:13:14-08:00,0,6
contact/index.html,10,html,26d914df,AdaMo22805,2025-01-09,18:13:14,-08:00,2025-01-09T18:13:14-08:00,0,5
contact/index.html,11,html,3ee00360,AdaMo22805,2025-01-22,16:17:05,-08:00,2025-01-22T16:17:05-08:00,0,9
contact/index.html,12,html,99f13bf0,AdaMo22805,2025-01-15,23:40:27,-08:00,2025-01-15T23:40:27-08:00,0,31
contact/index.html,13,html,99f13bf0,AdaMo22805,2025-01-15,23:40:27,-08:00,2025-01-15T23:40:27-08:00,0,44
contact/index.html,14,html,99f13bf0,AdaMo22805,2025-01-15,23:40:27,-08:00,2025-01-15T23:40:27-08:00,0,34
contact/index.html,15,html,9a6c555d,AdaMo22805,2025-01-10,18:44:32,-08:00,2025-01-10T18:44:32-08:00,0,73
contact/index.html,16,html,3ee00360,AdaMo22805,2025-01-22,16:17:05,-08:00,2025-01-22T16:17:05-08:00,0,9
contact/index.html,17,html,9a6c555d,AdaMo22805,2025-01-10,18:44:32,-08:00,2025-01-10T18:44:32-08:00,0,0
contact/index.html,18,html,9a6c555d,AdaMo22805,2025-01-10,18:44:32,-08:00,2025-01-10T18:44:32-08:00,0,16
contact/index.html,19,html,9a6c555d,AdaMo22805,2025-01-10,18:44:32,-08:00,2025-01-10T18:44:32-08:00,0,0
contact/index.html,20,html,d1e89e68,AdaMo22805,2025-01-23,22:25:21,-08:00,2025-01-23T22:25:21-08:00,0,59
contact/index.html,21,html,35792f10,AdaMo22805,2025-01-16,00:17:22,-08:00,2025-01-16T00:17:22-08:00,0,59
contact/index.html,22,html,35792f10,AdaMo22805,2025-01-16,00:17:22,-08:00,2025-01-16T00:17:22-08:00,0,64
contact/index.html,23,html,33a376eb,AdaMo22805,2025-01-09,19:01:28,-08:00,2025-01-09T19:01:28-08:00,0,22
contact/index.html,24,html,33a376eb,AdaMo22805,2025-01-09,19:01:28,-08:00,2025-01-09T19:01:28-08:00,0,6
contact/index.html,25,html,33a376eb,AdaMo22805,2025-01-09,19:01:28,-08:00,2025-01-09T19:01:28-08:00,0,0
contact/index.html,26,html,26d914df,AdaMo22805,2025-01-09,18:13:14,-08:00,2025-01-09T18:13:14-08:00,0,6
contact/index.html,27,html,26d914df,AdaMo22805,2025-01-09,18:13:14,-08:00,2025-01-09T18:13:14-08:00,0,6
